year,syndicate,managing_agent,gross_written_premium,net_earned_premium,result_before_tax,pretax_margin,net_loss_ratio,expense_ratio,combined_ratio,percentile_rank,percentile_bucket
2015,1492,Capita,3017.7,-233.2,-2147.1,920.71,-56.43,-761.45,-817.88,99.0,Top 10%
2015,6123,Asta,4325.49019607843,-246.862745098039,-1181.43790849673,478.58,-32.78,-350.73,-383.51,98.0,Top 10%
2015,6104,Hiscox,32864.5098039216,24980.4575163399,19140.6535947712,76.62,8.57,45.24,53.81,97.0,Top 10%
2015,6103,MAP,4722.8,5075.0,3749.9,73.89,12.88,17.8,30.68,96.0,Top 10%
2015,1176,Chaucer,26610.0,24113.9,17079.5,70.83,3.51,28.71,32.22,95.0,Top 10%
2015,557,TMK,17365.9,15796.5,9868.3,62.47,10.19,30.67,40.86,94.1,Top 10%
2015,2357,Asta,46634.5098039216,19744.9673202614,10881.7647058824,55.11,0.05,45.15,45.2,93.1,Top 10%
2015,2791,MAP,149107.4,129596.0,42425.1,32.74,27.96,40.71,68.67,92.1,Top 10%
2015,2010,Cathedral,197169.019607843,158197.385620915,50870.1307189542,32.16,29.12,37.76,66.88,91.1,Top 10%
2015,435,Faraday,226813.6,181462.1,54451.1,30.01,35.16,35.46,70.62,90.1,Top 10%
2015,4242,Asta,110783.725490196,65933.8562091503,19348.7581699346,29.35,17.81,52.78,70.59,89.1,P75-P90
2015,33,Hiscox,846681.5,532755.4,154635.5,29.03,37.17,38.93,76.1,88.1,P75-P90
2015,318,Beaufort,136572.2,120915.6,33092.4,27.37,40.25,37.03,77.28,87.1,P75-P90
2015,1910,Asta,274656.1,110080.4,28330.5,25.74,25.49,45.8,71.29,86.1,P75-P90
2015,2525,Asta,44308.2,35925.3,8745.4,24.34,32.28,43.44,75.72,85.1,P75-P90
2015,1225,Aegis,333000.0,286900.0,63400.0,22.1,39.87,40.12,79.99,84.2,P75-P90
2015,2999,QBE,991391.1,679866.9,149384.5,21.97,41.98,38.81,80.79,83.2,P75-P90
2015,6107,Beazley,30786.2091503268,25422.8758169935,5461.96078431372,21.48,49.84,28.23,78.07,82.2,P75-P90
2015,1919,Starr,264307.8,96965.2,20687.2,21.33,55.78,22.51,78.29,81.2,P75-P90
2015,2488,Ace,377516.0,289379.6,56416.4,19.5,42.1,39.23,81.33,80.2,P75-P90
2015,6117,Asta,24200.0,24700.0,4800.0,19.43,37.25,41.3,78.55,79.2,P75-P90
2015,3210,Mitsui,370288.2,312046.2,59719.9,19.14,44.22,38.64,82.86,78.2,P75-P90
2015,609,Atrium,383230.7,346610.7,64877.6,18.72,34.43,47.05,81.48,77.2,P75-P90
2015,2623,Beazley,1130849.67320261,917124.183006536,164379.08496732,17.92,45.3,38.63,83.93,76.2,P75-P90
2015,1183,Talbot,666797.385620915,544901.960784314,85163.3986928105,15.63,42.75,43.11,85.86,75.2,P75-P90
2015,623,Beazley,248235.294117647,201372.549019608,30457.5163398693,15.12,45.02,42.1,87.12,74.3,P50-P75
2015,1221,Navigators,272476.1,170081.3,25598.4,15.05,46.62,37.76,84.38,73.3,P50-P75
2015,5000,Travelers,287115.2,277706.1,40797.4,14.69,43.25,42.91,86.16,72.3,P50-P75
2015,44,AmTrust,16869.8,16219.6,2261.6,13.94,39.96,46.85,86.81,71.3,P50-P75
2015,1084,Chaucer,838900.0,657500.0,91300.0,13.89,47.95,40.46,88.41,70.3,P50-P75
2015,3010,Cathedral,46805.0980392157,37653.7908496732,5040.45751633987,13.39,43.71,43.06,86.77,69.3,P50-P75
2015,386,QBE,335171.8,323567.1,42234.2,13.05,53.7,35.51,89.21,68.3,P50-P75
2015,510,TMK,1162882.3,900158.0,111336.2,12.37,48.67,39.29,87.96,67.3,P50-P75
2015,2001,MS Amlin,1653900.0,1107800.0,134300.0,12.12,48.6,43.27,91.87,66.3,P50-P75
2015,727,Meacock,67774.4,67711.4,8122.0,12.0,55.26,35.58,90.84,65.3,P50-P75
2015,2007,Novae,789300.0,635400.0,74700.0,11.76,48.5,40.13,88.63,64.4,P50-P75
2015,1880,TMK,184008.4,150704.5,15468.8,10.26,47.01,42.14,89.15,63.4,P50-P75
2015,4020,Ark,336858.3,263387.2,26704.3,10.14,43.64,47.48,91.12,62.4,P50-P75
2015,1414,Ascot,566891.9,384515.0,37497.8,9.75,48.56,41.3,89.86,61.4,P50-P75
2015,1200,Argo,421500.0,292500.0,26400.0,9.03,51.62,40.17,91.79,60.4,P50-P75
2015,4444,Canopius,827215.5,630597.9,53023.1,8.41,46.75,45.81,92.56,59.4,P50-P75
2015,3002,Catlin,26724.7,14127.3,1180.8,8.36,58.04,34.17,92.21,58.4,P50-P75
2015,2121,Argenta,226542.3,177916.7,13662.1,7.68,47.88,44.83,92.71,57.4,P50-P75
2015,3624,Hiscox,399560.6,281006.5,20728.3,7.38,47.54,44.71,92.25,56.4,P50-P75
2015,4000,Pembroke,241764.3,195302.4,14287.0,7.32,53.0,41.24,94.24,55.4,P50-P75
2015,1861,ANV,221964.0,156734.8,11429.7,7.29,43.74,50.96,94.7,54.5,P50-P75
2015,4472,Liberty,1150915.03267974,978888.888888889,70980.3921568627,7.25,53.47,41.96,95.43,53.5,P50-P75
2015,6112,Catlin,37451.4,31927.6,2285.7,7.16,52.35,41.78,94.13,52.5,P50-P75
2015,2987,Brit,1308104.5751634,916535.947712418,65163.3986928105,7.11,48.51,42.92,91.43,51.5,P50-P75
2015,457,Munich Re,436113.9,344683.3,24062.7,6.98,53.11,40.69,93.8,50.5,P50-P75
2015,6111,Catlin,131040.3,109495.7,7457.1,6.81,52.52,42.07,94.59,49.5,P25-P50
2015,6105,Ark,43858.6,41097.8,2599.6,6.33,50.14,44.4,94.54,48.0,P25-P50
2015,958,Canopius,205027.9,148803.9,9412.8,6.33,44.59,49.69,94.28,48.0,P25-P50
2015,1969,Apollo,188362.091503268,130531.045751634,7812.35294117647,5.99,52.57,40.3,92.87,46.5,P25-P50
2015,1209,Catlin,317650.7,254329.9,14897.3,5.86,50.97,44.89,95.86,45.5,P25-P50
2015,1301,StarStone,169521.2,131722.9,7703.2,5.85,53.18,38.66,91.84,44.6,P25-P50
2015,6119,Catlin,17041.3,13894.7,710.6,5.11,53.85,41.81,95.66,43.6,P25-P50
2015,6118,Barbican,47507.7,23797.4,1125.9,4.73,77.43,21.47,98.9,42.6,P25-P50
2015,1955,Barbican,328300.0,172000.0,7800.0,4.53,54.07,43.43,97.5,41.6,P25-P50
2015,1967,WRB,142389.08496732,128300.130718954,5452.74509803922,4.25,55.97,39.03,95.0,40.6,P25-P50
2015,4141,HCC,97895.1,74763.7,2930.6,3.92,45.63,46.82,92.45,39.6,P25-P50
2015,3000,Markel,429029.0,349629.0,13201.7,3.78,53.45,44.76,98.21,38.6,P25-P50
2015,2012,Arch,153646.3,108892.3,3583.6,3.29,54.35,44.32,98.67,37.6,P25-P50
2015,3622,Beazley,13570.3,13095.8,415.9,3.18,57.19,39.24,96.43,36.6,P25-P50
2015,2008,StarStone,68387.8,59118.6,1862.4,3.15,75.05,17.59,92.64,35.6,P25-P50
2015,2003,Catlin,1919140.39215686,1351999.08496732,40804.5098039216,3.02,56.52,42.17,98.69,34.7,P25-P50
2015,1274,Antares,261490.130718954,219700.261437909,6467.45098039216,2.94,62.89,34.2,97.09,33.7,P25-P50
2015,218,ERS,393675.1,305048.1,6002.7,1.97,56.48,43.24,99.72,32.7,P25-P50
2015,1458,Ren Re,244279.251,145558.025,1764.9,1.21,57.08,43.69,100.77,31.7,P25-P50
2015,6124,Chaucer,316800.0,270100.0,2400.0,0.89,92.15,7.33,99.48,30.7,P25-P50
2015,2014,Pembroke,91916.0,63433.0,425.7,0.67,58.19,40.89,99.08,29.7,P25-P50
2015,3623,Beazley,172156.862745098,141241.830065359,915.032679738562,0.65,59.09,41.23,100.32,28.7,P25-P50
2015,5151,Endurance,175319.1,105752.4,508.2,0.48,53.01,49.43,102.44,27.7,P25-P50
2015,6120,Barbican,40151.3,13628.6,-79.7,-0.58,70.51,33.41,103.92,26.7,P25-P50
2015,5820,ANV,227951.4,131583.7,-2416.0,-1.84,36.51,66.04,102.55,25.7,P25-P50
2015,1110,ProSight,211509.8,170423.3,-3245.3,-1.9,63.7,38.5,102.2,24.8,P10-P25
2015,6121,Catlin,21810.1,9248.0,-243.7,-2.64,57.79,45.08,102.87,23.8,P10-P25
2015,1897,Asta,96526.0,85966.7,-4404.8,-5.12,63.92,39.84,103.76,22.8,P10-P25
2015,2232,AWAC,144172.2,114190.1,-6284.9,-5.5,58.27,43.48,101.75,21.8,P10-P25
2015,2015,Channel,194179.8,149891.0,-8532.1,-5.69,60.25,44.85,105.1,20.8,P10-P25
2015,1945,Sirius,83398.3,67223.5,-4037.9,-6.01,64.89,40.35,105.24,19.8,P10-P25
2015,382,Hardy,267938.2,207088.0,-13122.7,-6.34,63.0,43.36,106.36,18.8,P10-P25
2015,2088,Catlin,79398.5,48332.3,-3293.5,-6.81,66.05,42.51,108.56,17.8,P10-P25
2015,5678,Vibe,17426.5,8588.0,-587.9,-6.85,49.24,155.92,205.16,16.8,P10-P25
2015,308,TMK,27575.6,26365.7,-2067.7,-7.84,65.26,41.59,106.85,15.8,P10-P25
2015,1729,Asta,66140.2,48358.3,-4720.9,-9.76,64.18,45.86,110.04,14.9,P10-P25
2015,4711,Aspen,330517.0,189507.8,-21262.9,-11.22,69.13,42.95,112.08,13.9,P10-P25
2015,6050,Beazley,11628.954248366,4849.34640522876,-589.21568627451,-12.15,59.47,54.3,113.77,12.9,P10-P25
2015,1206,AmTrust,154445.1,144828.9,-18104.3,-12.5,68.69,44.35,113.04,11.9,P10-P25
2015,1882,Chubb,98274.7,81175.2,-15725.7,-19.37,86.42,36.22,122.64,10.9,P10-P25
2015,1218,Newline,95784.4,74359.1,-15738.3,-21.17,43.14,40.73,83.87,9.9,Bottom 10%
2015,780,Advent,157385.620915033,111503.267973856,-24901.9607843137,-22.33,50.06,52.34,102.4,8.9,Bottom 10%
2015,779,ANV,14100.4,15063.6,-3555.2,-23.6,47.73,76.32,124.05,7.9,Bottom 10%
2015,1686,Asta,117628.039215686,58372.3529411765,-21352.4836601307,-36.58,86.95,46.15,133.1,6.9,Bottom 10%
2015,2468,Marketform,210413.4,166113.8,-60908.0,-36.67,85.98,52.12,138.1,5.9,Bottom 10%
2015,3334,Hamilton,22787.8,23755.6,-10689.0,-45.0,91.71,56.18,147.89,5.0,Bottom 10%
2015,1991,R&Q,58992.1,37324.4,-18135.1,-48.59,76.88,70.9,147.78,4.0,Bottom 10%
2015,1884,Charles Taylor,32637.0,8206.2,-9630.4,-117.36,81.9,134.47,216.37,3.0,Bottom 10%
2015,2526,AmTrust,28950.6,29771.1,-46545.1,-156.34,209.6,48.02,257.62,2.0,Bottom 10%
2015,2255,Capita,-361.6,-335.7,12748.4,-3797.56,-3781.74,-255.17,-4036.91,1.0,Bottom 10%
2015,3500,Riverstone,-602.5,0.0,0.0,,,,,,
2016,6103,MAP,4870.7,4874.2,3311.4,67.94,16.96,17.66,34.62,100.0,Top 10%
2016,557,TMK,16718.4,15116.8,8543.6,56.52,42.24,31.76,74.0,99.0,Top 10%
2016,6104,Hiscox,30414.2222222222,35338.5925925926,18773.4814814815,53.12,34.73,38.34,73.07,98.0,Top 10%
2016,1176,Chaucer,28320.8,27627.4,13678.0,49.51,39.66,22.11,61.77,97.0,Top 10%
2016,1218,Newline,100411.6,82032.4,35204.7,42.92,42.58,43.57,86.15,96.0,Top 10%
2016,2488,Chubb,407503.9,310920.3,126996.3,40.85,36.85,37.65,74.5,95.0,Top 10%
2016,6107,Beazley,36388.8148148148,30296.1481481481,10690.7407407407,35.29,28.75,33.64,62.39,94.0,Top 10%
2016,2791,MAP,171497.1,137931.0,38327.1,27.79,33.05,43.71,76.76,93.0,Top 10%
2016,2010,Cathedral,190709.111111111,156967.777777778,42371.6296296296,26.99,40.18,39.39,79.57,92.0,Top 10%
2016,727,Meacock,59568.8,64942.3,17467.9,26.9,45.3,38.36,83.66,91.0,Top 10%
2016,1919,Starr,275690.8,95035.9,24322.3,25.59,60.92,25.93,86.85,90.0,Top 10%
2016,33,Hiscox,1056569.1,600297.0,146545.3,24.41,44.72,45.66,90.38,89.0,P75-P90
2016,1084,Chaucer,780900.0,591200.0,142500.0,24.1,49.48,40.1,89.58,88.0,P75-P90
2016,435,Faraday,275359.6,221065.8,44990.1,20.35,48.31,35.82,84.13,87.0,P75-P90
2016,1225,Aegis,376700.0,292300.0,56000.0,19.16,51.8,37.36,89.16,86.0,P75-P90
2016,2357,Asta,128275.925925926,58866.0740740741,10938.2962962963,18.58,50.63,29.25,79.88,85.0,P75-P90
2016,623,Beazley,292592.592592593,230518.518518519,39037.037037037,16.93,45.5,43.41,88.91,84.0,P75-P90
2016,2623,Beazley,1333333.33333333,1050444.44444444,151703.703703704,14.44,45.63,39.58,85.21,83.0,P75-P90
2016,4472,Liberty,1364000.0,1022444.44444444,146148.148148148,14.29,54.79,42.87,97.66,82.0,P75-P90
2016,4242,Asta,137482.518518519,74502.2962962963,10027.9259259259,13.46,33.9,52.93,86.83,81.0,P75-P90
2016,457,Munich Re,356238.1,328264.5,42702.4,13.01,45.1,45.88,90.98,80.0,P75-P90
2016,386,QBE,328079.6,270982.9,31724.7,11.71,61.77,36.75,98.52,79.0,P75-P90
2016,3002,Catlin,19380.8,11335.9,1307.5,11.53,53.14,36.56,89.7,78.0,P75-P90
2016,510,TMK,1296736.7,1009413.2,115260.4,11.42,54.16,41.43,95.59,77.0,P75-P90
2016,2987,Brit,1411629.62962963,964148.148148148,104000.0,10.79,54.03,45.44,99.47,76.0,P75-P90
2016,1880,TMK,230377.7,175742.0,18338.5,10.43,51.86,42.92,94.78,75.0,P75-P90
2016,3000,Markel,485835.2,387231.8,37623.9,9.72,53.04,43.96,97.0,74.0,P50-P75
2016,2003,Catlin,2070382.51851852,1483298.22222222,129121.481481481,8.71,59.67,40.32,99.99,73.0,P50-P75
2016,5000,Travelers,300465.9,267598.0,22750.3,8.5,47.77,44.87,92.64,72.0,P50-P75
2016,609,Atrium,412564.7,360995.9,30544.1,8.46,47.11,46.04,93.15,71.0,P50-P75
2016,1414,Ascot,573475.2,378151.4,31322.3,8.28,49.08,45.17,94.25,70.0,P50-P75
2016,1274,Antares,338207.62962963,276498.814814815,22397.037037037,8.1,60.2,35.64,95.84,68.5,P50-P75
2016,2008,StarStone,129641.4,129244.4,10472.3,8.1,88.42,10.23,98.65,68.5,P50-P75
2016,1458,Ren Re,335421.925,193480.457,15246.334,7.88,53.81,41.59,95.4,67.0,P50-P75
2016,1301,StarStone,208862.3,181637.7,13925.8,7.67,56.56,39.4,95.96,66.0,P50-P75
2016,2232,AWAC,163825.4,113596.0,8376.4,7.37,60.89,38.93,99.82,65.0,P50-P75
2016,2121,Argenta,280714.6,216600.5,15029.4,6.94,49.92,45.45,95.37,64.0,P50-P75
2016,780,Advent,190296.296296296,135629.62962963,9111.11111111111,6.72,58.49,41.78,100.27,63.0,P50-P75
2016,308,TMK,31701.3,29639.1,1939.8,6.54,48.75,44.06,92.81,62.0,P50-P75
2016,3623,Beazley,195481.481481481,166222.222222222,10814.8148148148,6.51,61.99,39.26,101.25,61.0,P50-P75
2016,2525,Asta,49928.0,38132.3,2448.7,6.42,56.14,43.73,99.87,60.0,P50-P75
2016,6050,Beazley,14661.037037037,11602.3703703704,738.222222222222,6.36,54.75,43.54,98.29,59.0,P50-P75
2016,1183,Talbot,719111.111111111,573629.62962963,36370.3703703704,6.34,55.66,40.35,96.01,58.0,P50-P75
2016,3010,Cathedral,40917.4814814815,35318.4444444444,2106.59259259259,5.96,45.37,51.87,97.24,57.0,P50-P75
2016,1221,Navigators,339893.3,220999.5,12002.8,5.43,60.84,39.0,99.84,56.0,P50-P75
2016,6112,Catlin,40489.0,34849.2,1750.4,5.02,61.04,37.96,99.0,55.0,P50-P75
2016,6111,Catlin,141830.4,121957.4,5932.5,4.86,61.23,37.7,98.93,54.0,P50-P75
2016,4141,HCC,118070.2,92310.8,4416.0,4.78,51.21,45.73,96.94,53.0,P50-P75
2016,6119,Catlin,18341.0,15790.6,660.3,4.18,61.59,37.64,99.23,52.0,P50-P75
2016,3624,Hiscox,533471.2,381706.0,15867.9,4.16,56.13,41.84,97.97,51.0,P50-P75
2016,318,Beaufort,136588.7,121466.4,4585.5,3.78,68.5,36.57,105.07,50.0,P50-P75
2016,4711,Aspen,404459.3,229286.5,6698.6,2.92,57.39,40.05,97.44,49.0,P25-P50
2016,4000,Pembroke,364965.3,262806.0,7255.5,2.76,59.33,40.78,100.11,48.0,P25-P50
2016,44,AmTrust,13801.5,12956.1,351.4,2.71,53.66,44.75,98.41,47.0,P25-P50
2016,1910,Argo,199878.6,161167.5,4054.7,2.52,73.51,28.03,101.54,46.0,P25-P50
2016,1955,Barbican,313100.0,206900.0,2700.0,1.3,50.46,52.3,102.76,45.0,P25-P50
2016,1200,Argo,514300.0,353100.0,3300.0,0.93,61.6,40.73,102.33,44.0,P25-P50
2016,4444,Canopius,1063936.4,820301.3,2992.5,0.36,55.56,45.48,101.04,43.0,P25-P50
2016,6121,Catlin,26101.5,21356.2,63.1,0.3,61.28,39.46,100.74,42.0,P25-P50
2016,5151,Endurance,235561.3,120432.4,21.4,0.02,56.56,45.61,102.17,41.0,P25-P50
2016,4020,Ark,311910.7,274283.7,-1121.9,-0.41,51.8,45.62,97.42,40.0,P25-P50
2016,1686,Asta,215711.185185185,96919.4074074074,-791.259259259259,-0.82,56.79,46.48,103.27,39.0,P25-P50
2016,2999,QBE,1072650.4,701868.8,-10623.3,-1.51,63.52,38.5,102.02,38.0,P25-P50
2016,1861,AmTrust,259118.5,195314.5,-3997.8,-2.05,52.44,51.46,103.9,37.0,P25-P50
2016,1206,AmTrust,237849.1,175130.0,-4048.8,-2.31,69.62,41.38,111.0,36.0,P25-P50
2016,2001,MS Amlin,1830700.0,1294900.0,-35100.0,-2.71,62.82,44.1,106.92,35.0,P25-P50
2016,1969,Apollo,214668.962962963,171383.555555556,-4679.85185185185,-2.73,62.71,39.77,102.48,34.0,P25-P50
2016,382,Hardy,285664.9,231215.0,-6768.1,-2.93,71.89,39.3,111.19,33.0,P25-P50
2016,2007,Novae,901000.0,715800.0,-23500.0,-3.28,62.59,45.1,107.69,32.0,P25-P50
2016,6118,Barbican,78191.8,44222.0,-1634.3,-3.7,86.82,21.28,108.1,31.0,P25-P50
2016,1856,Barbican,84686.4,35032.4,-1480.7,-4.23,60.8,44.0,104.8,30.0,P25-P50
2016,2088,Catlin,99235.1,76427.3,-3930.4,-5.14,65.36,42.63,107.99,29.0,P25-P50
2016,218,ERS,406103.5,377790.2,-21743.7,-5.76,79.19,29.35,108.54,28.0,P25-P50
2016,1110,ProSight,245024.1,209114.5,-12398.4,-5.93,68.62,39.8,108.42,27.0,P25-P50
2016,2012,Arch,179030.0,140863.8,-10880.1,-7.72,67.26,42.45,109.71,26.0,P25-P50
2016,5820,AmTrust,251374.4,192713.9,-15216.0,-7.9,42.52,66.08,108.6,25.0,P25-P50
2016,3210,Amlin,378234.9,342692.2,-27633.7,-8.06,69.04,42.08,111.12,24.0,P10-P25
2016,3622,Beazley,17015.8,16977.3,-1545.2,-9.1,77.71,34.02,111.73,23.0,P10-P25
2016,1945,Sirius,115182.4,93699.3,-9915.6,-10.58,72.38,36.69,109.07,22.0,P10-P25
2016,2015,Channel,241482.1,176693.6,-19885.0,-11.25,65.84,46.29,112.13,21.0,P10-P25
2016,6129,Novae,40500.0,17500.0,-2200.0,-12.57,93.71,20.0,113.71,20.0,P10-P25
2016,1882,Chubb,62374.9,74289.5,-10138.3,-13.65,85.9,27.78,113.68,19.0,P10-P25
2016,6117,Argo,45600.0,35700.0,-5600.0,-15.69,78.99,36.41,115.4,18.0,P10-P25
2016,1729,Asta,87455.3,67216.2,-10769.1,-16.02,72.69,44.47,117.16,17.0,P10-P25
2016,1967,WRB,169197.333333333,129408.222222222,-22224.5925925926,-17.17,71.91,45.68,117.59,16.0,P10-P25
2016,2014,Pembroke,144805.9,94758.0,-16452.5,-17.36,77.93,39.03,116.96,15.0,P10-P25
2016,1991,R&Q,103347.4,78240.2,-16109.8,-20.59,66.06,50.28,116.34,14.0,P10-P25
2016,1897,Asta,113398.6,80853.4,-21623.0,-26.74,84.33,42.58,126.91,13.0,P10-P25
2016,779,AmTrust,19810.1,20765.2,-6476.8,-31.19,66.44,65.01,131.45,12.0,P10-P25
2016,6123,Asta,13922.5925925926,4445.85185185185,-1390.59259259259,-31.28,53.64,77.62,131.26,11.0,P10-P25
2016,6126,Asta,27567.1,11043.2,-3580.0,-32.42,71.68,60.8,132.48,10.0,P10-P25
2016,6125,Pembroke,12065.8,6146.3,-2303.9,-37.48,89.24,48.92,138.16,9.0,Bottom 10%
2016,5678,Vibe,53633.6,25752.4,-10875.7,-42.23,75.86,71.91,147.77,8.0,Bottom 10%
2016,2786,Asta,58521.4,21288.9,-9570.9,-44.96,69.64,76.6,146.24,7.0,Bottom 10%
2016,1884,Charles Taylor,76318.8,47462.0,-26450.7,-55.73,93.18,58.35,151.53,6.0,Bottom 10%
2016,1492,Capita,42814.5,16124.1,-12375.9,-76.75,82.67,92.76,175.43,5.0,Bottom 10%
2016,3334,Hamilton,61833.3,24420.7,-20998.5,-85.99,111.13,69.94,181.07,4.0,Bottom 10%
2016,6130,Chaucer,7483.4,720.2,-665.7,-92.43,72.16,120.72,192.88,3.0,Bottom 10%
2016,2468,Neon,160178.7,129834.2,-152041.8,-117.1,155.21,61.65,216.86,2.0,Bottom 10%
2016,2526,AmTrust,29520.7,22348.9,-36674.4,-164.1,197.66,54.75,252.41,1.0,Bottom 10%
2017,1176,Chaucer,31452.4,31519.6,20499.2,65.04,7.35,26.45,33.8,100.0,Top 10%
2017,1218,Newline,135683.9,100664.2,51897.1,51.55,48.54,41.24,89.78,99.0,Top 10%
2017,1919,Starr,283868.837209302,93344.3410852713,19022.7906976744,20.38,55.84,26.37,82.21,97.9,Top 10%
2017,1910,Argo,341100.0,143500.0,23800.0,16.59,60.14,25.3,85.44,96.9,Top 10%
2017,386,QBE,357416.8,316500.7,46556.7,14.71,56.6,35.56,92.16,95.9,Top 10%
2017,3623,Beazley,219302.325581395,192325.581395349,27131.7829457364,14.11,49.66,40.51,90.17,94.8,Top 10%
2017,457,Munich Re,423450.3,333338.7,43618.4,13.09,39.05,49.15,88.2,93.8,Top 10%
2017,4020,Ark,277833.4,264297.9,34527.0,13.06,48.58,44.05,92.63,92.8,Top 10%
2017,3002,Catlin,34373.2,21210.5,1796.5,8.47,49.2,41.27,90.47,91.8,Top 10%
2017,3622,Beazley,17720.2,15472.3,1297.8,8.39,58.85,31.66,90.51,90.7,Top 10%
2017,2121,Argenta,346019.8,245535.2,13980.1,5.69,50.96,44.48,95.44,89.7,P75-P90
2017,2623,Beazley,1537674.41860465,1195271.31782946,66511.6279069767,5.56,59.12,41.03,100.15,88.7,P75-P90
2017,2488,Chubb,459523.6,354115.8,13427.7,3.79,68.09,38.37,106.46,87.6,P75-P90
2017,623,Beazley,337519.379844961,262248.062015504,9612.40310077519,3.67,58.82,43.22,102.04,86.6,P75-P90
2017,609,Atrium,467155.7,408691.6,11318.3,2.77,51.81,47.42,99.23,85.6,P75-P90
2017,2525,Asta,54782.7,43409.5,750.7,1.73,57.61,40.2,97.81,84.5,P75-P90
2017,44,AmTrust,17728.0,16485.1,255.4,1.55,57.98,40.28,98.26,83.5,P75-P90
2017,1225,Aegis,462200.0,331700.0,4400.0,1.33,57.64,44.44,102.08,82.5,P75-P90
2017,33,Hiscox,1156469.14728682,634897.286821705,4949.76744186046,0.78,62.36,40.49,102.85,81.4,P75-P90
2017,6050,Beazley,15930.2325581395,13200.1550387597,-63.7209302325581,-0.48,61.01,44.23,105.24,80.4,P75-P90
2017,2468,Neon,225675.9,144078.4,-1665.0,-1.16,43.71,61.3,105.01,79.4,P75-P90
2017,2999,QBE,1169175.0,791265.8,-12106.5,-1.53,72.32,38.89,111.21,78.4,P75-P90
2017,2791,MAP,179347.7,140991.8,-3262.8,-2.31,71.51,40.15,111.66,77.3,P75-P90
2017,4141,HCC,139733.9,108230.1,-2568.2,-2.37,63.35,42.05,105.4,76.3,P75-P90
2017,1084,Chaucer,950400.0,647400.0,-16900.0,-2.61,65.08,40.5,105.58,75.3,P75-P90
2017,2007,AXIS,988590.8,697925.4,-18646.8,-2.67,56.02,48.83,104.85,74.2,P50-P75
2017,1221,Navigators,366765.6,249297.4,-7808.0,-3.13,68.26,37.74,106.0,73.2,P50-P75
2017,2987,Brit,1595813.95348837,1023643.41085271,-35503.8759689923,-3.47,64.68,46.13,110.81,72.2,P50-P75
2017,218,ERS,376116.4,323461.1,-12173.0,-3.76,72.35,33.47,105.82,71.1,P50-P75
2017,1274,Antares,418297.674418605,324707.829457364,-15118.2945736434,-4.66,75.59,32.83,108.42,70.1,P50-P75
2017,6103,MAP,5098.1,5109.0,-273.2,-5.35,100.96,7.34,108.3,69.1,P50-P75
2017,3010,Cathedral,42168.2945736434,32781.1627906977,-2056.04651162791,-6.27,46.01,59.01,105.02,68.0,P50-P75
2017,1414,Ascot,680663.2,454226.1,-28935.5,-6.37,65.04,41.72,106.76,67.0,P50-P75
2017,1955,Barbican,444400.0,201400.0,-13400.0,-6.65,58.24,50.25,108.49,66.0,P50-P75
2017,4711,Aspen,396588.2,195595.6,-15534.7,-7.94,64.75,40.31,105.06,64.9,P50-P75
2017,4472,Liberty,1656899.2248062,1155038.75968992,-92093.0232558139,-7.97,79.13,37.29,116.42,63.9,P50-P75
2017,1110,Coverys,22573.9,69561.5,-5666.8,-8.15,39.69,71.32,111.01,62.9,P50-P75
2017,5820,AmTrust,231312.3,193455.8,-17539.1,-9.07,42.66,66.39,109.05,61.9,P50-P75
2017,510,TMK,1416939.9,1081895.1,-98830.9,-9.13,69.2,40.91,110.11,60.8,P50-P75
2017,1183,Talbot,715193.798449612,576279.069767442,-52868.2170542636,-9.17,68.15,43.06,111.21,59.8,P50-P75
2017,4000,Pembroke,414346.6,299040.9,-28852.6,-9.65,67.17,44.37,111.54,58.8,P50-P75
2017,1991,Coverys,124955.2,102030.4,-9879.3,-9.68,64.51,45.48,109.99,57.7,P50-P75
2017,1856,Barbican,91378.4,72246.6,-7673.0,-10.62,78.37,33.26,111.63,56.7,P50-P75
2017,780,Advent,210387.596899225,143720.930232558,-15736.4341085271,-10.95,80.85,45.15,126.0,55.7,P50-P75
2017,3624,Hiscox,408794.80620155,410982.713178295,-45364.3410852713,-11.04,71.72,39.09,110.81,54.6,P50-P75
2017,6130,Chaucer,19922.6,5998.5,-731.1,-12.19,59.19,53.9,113.09,53.6,P50-P75
2017,6111,Catlin,53709.9,88786.6,-11082.8,-12.48,80.04,36.17,116.21,52.6,P50-P75
2017,382,Hardy,319552.9,263414.3,-34176.6,-12.97,78.2,38.11,116.31,51.5,P50-P75
2017,1880,TMK,246483.8,188586.1,-24475.0,-12.98,76.63,37.54,114.17,50.5,P50-P75
2017,727,Meacock,63113.3,63721.5,-8369.3,-13.13,83.08,35.57,118.65,49.5,P25-P50
2017,2003,Catlin,2364525.96899225,1629907.20930233,-217967.751937985,-13.37,81.71,36.4,118.11,48.5,P25-P50
2017,1897,Asta,138037.5,86072.7,-13161.5,-15.29,73.23,43.81,117.04,47.4,P25-P50
2017,2014,Pembroke,185569.7,137449.1,-21106.7,-15.36,77.44,39.67,117.11,46.4,P25-P50
2017,3000,Markel,564549.6,473340.1,-80481.0,-17.0,80.47,41.23,121.7,44.8,P25-P50
2017,6118,Barbican,133122.2,75754.9,-12876.0,-17.0,104.14,13.19,117.33,44.8,P25-P50
2017,3902,Ark,75720.0,25725.8,-4380.2,-17.03,61.32,57.63,118.95,43.3,P25-P50
2017,1861,AmTrust,284429.2,184820.2,-31635.2,-17.12,75.89,40.83,116.72,42.3,P25-P50
2017,2012,Arch,199895.6,151452.5,-26879.6,-17.75,70.68,45.41,116.09,41.2,P25-P50
2017,1458,Ren Re,494961.091,274944.036,-50165.131,-18.25,82.05,37.07,119.12,40.2,P25-P50
2017,4444,Canopius,1138049.8,979524.7,-182328.4,-18.61,77.65,42.22,119.87,39.2,P25-P50
2017,6107,Beazley,46969.2248062015,35263.2558139535,-6830.62015503876,-19.37,91.7,32.28,123.98,38.1,P25-P50
2017,6117,Argo,101300.0,92000.0,-18000.0,-19.57,95.65,23.91,119.56,37.1,P25-P50
2017,2015,Channel,262497.7,189655.5,-46919.7,-24.74,76.78,50.08,126.86,36.1,P25-P50
2017,2786,Asta,114358.6,61681.1,-16054.6,-26.03,75.9,49.18,125.08,35.1,P25-P50
2017,5000,Travelers,361752.2,308939.1,-81965.5,-26.53,87.54,42.6,130.14,34.0,P25-P50
2017,5151,Endurance,318658.0,121810.1,-33474.8,-27.48,76.71,54.12,130.83,33.0,P25-P50
2017,2088,Catlin,155211.9,107096.4,-29665.7,-27.7,89.42,41.52,130.94,32.0,P25-P50
2017,1301,StarStone,235570.4,150849.8,-43044.8,-28.53,98.37,36.23,134.6,30.9,P25-P50
2017,1200,Argo,552600.0,379400.0,-112300.0,-29.6,91.25,40.51,131.76,29.9,P25-P50
2017,1729,Asta,97675.9,73440.8,-22560.1,-30.72,84.15,47.33,131.48,28.9,P25-P50
2017,6125,Pembroke,16510.0,12808.9,-4552.2,-35.54,99.26,39.82,139.08,27.8,P25-P50
2017,2001,MS Amlin,2082200.0,1395500.0,-499700.0,-35.81,95.36,45.93,141.29,26.8,P25-P50
2017,435,Faraday,378050.4,307269.8,-111769.6,-36.38,110.76,26.58,137.34,25.8,P25-P50
2017,6104,Hiscox,42184.2635658915,38700.0,-14614.7286821705,-37.76,102.66,37.1,139.76,24.7,P10-P25
2017,4242,Asta,157058.372093023,82189.0697674418,-31194.1085271318,-37.95,83.53,54.88,138.41,23.7,P10-P25
2017,1206,AmTrust,212192.0,169986.3,-64710.2,-38.07,97.54,46.14,143.68,22.7,P10-P25
2017,1969,Apollo,234129.76744186,172592.325581395,-66634.8837209302,-38.61,100.84,38.91,139.75,21.6,P10-P25
2017,2010,Cathedral,210719.689922481,142732.868217054,-66939.6899224806,-46.9,113.33,35.48,148.81,20.6,P10-P25
2017,1967,WRB,172874.728682171,107396.279069767,-51638.6046511628,-48.08,97.99,52.93,150.92,19.6,P10-P25
2017,5678,Vibe,127261.6,65182.5,-32240.8,-49.46,101.0,51.38,152.38,18.6,P10-P25
2017,1945,Sirius,110840.5,96827.4,-48736.7,-50.33,112.65,40.75,153.4,17.5,P10-P25
2017,2689,Asta,60015.8914728682,31204.9612403101,-16128.7596899225,-51.69,107.49,44.63,152.12,16.5,P10-P25
2017,1884,Charles Taylor,89302.0,65472.0,-34182.2,-52.21,99.83,56.75,156.58,15.5,P10-P25
2017,318,Beaufort,157386.0,130494.5,-68690.1,-52.64,122.25,34.21,156.46,14.4,P10-P25
2017,1492,Capita,88310.2,49329.9,-27821.5,-56.4,102.01,56.58,158.59,13.4,P10-P25
2017,1686,AXIS,308411.395348837,157703.023255814,-92465.4263565891,-58.63,115.41,42.73,158.14,12.4,P10-P25
2017,3334,Hamilton,109360.4,61614.7,-38934.9,-63.19,101.1,60.81,161.91,11.3,P10-P25
2017,2357,Asta,265844.263565891,141153.178294574,-91602.9457364341,-64.9,146.08,19.73,165.81,10.3,P10-P25
2017,557,TMK,17678.5,15461.6,-10521.0,-68.05,145.78,22.73,168.51,9.3,Bottom 10%
2017,6123,Asta,13694.9612403101,9359.06976744186,-6583.95348837209,-70.35,119.84,50.63,170.47,8.2,Bottom 10%
2017,2988,Brit,59935.6,29852.2,-21428.6,-71.78,132.22,40.72,172.94,7.2,Bottom 10%
2017,308,TMK,39426.6,31099.2,-23336.0,-75.04,131.79,45.07,176.86,6.2,Bottom 10%
2017,6129,AXIS,63100.0,39300.0,-31400.0,-79.9,160.31,20.1,180.41,5.2,Bottom 10%
2017,5886,Asta,100333.2,46292.9,-38782.9,-83.78,141.16,42.42,183.58,4.1,Bottom 10%
2017,2232,AWAC,204012.4,111606.0,-96942.5,-86.86,150.93,38.91,189.84,3.1,Bottom 10%
2017,6126,Asta,42496.3,22626.9,-21465.6,-94.87,168.9,27.0,195.9,2.1,Bottom 10%
2017,3330,Coverys,103.6,79.1,-1052.2,-1330.21,854.49,28.45,882.94,1.0,Bottom 10%
2018,1176,Chaucer,29140.8,29636.1,21539.7,72.68,2.65,28.0,30.65,100.0,Top 10%
2018,557,TMK,15844.6,13943.3,5524.2,39.62,33.0,25.65,58.65,99.0,Top 10%
2018,2525,Asta,70103.3,51409.1,9058.5,17.62,45.71,37.18,82.89,98.1,Top 10%
2018,727,Meacock,73069.9,67755.5,11173.6,16.49,46.88,42.88,89.76,97.1,Top 10%
2018,33,Hiscox,1385398.13432836,673672.014925373,98606.8656716418,14.64,46.13,41.44,87.57,96.1,Top 10%
2018,6130,Chaucer,21354.1,8990.0,1231.5,13.7,43.42,46.03,89.45,95.1,Top 10%
2018,4141,HCC,160694.1,125121.7,17119.9,13.68,41.9,43.59,85.49,94.2,Top 10%
2018,308,TMK,11808.1,22293.5,2917.8,13.09,53.11,33.51,86.62,93.2,Top 10%
2018,3622,Beazley,18330.4,16304.5,2091.9,12.83,53.63,35.33,88.96,92.2,Top 10%
2018,1414,Ascot,679717.4,413703.5,43869.5,10.6,46.95,44.38,91.33,91.3,Top 10%
2018,386,QBE,350623.9,314324.1,31141.8,9.91,55.07,36.93,92.0,90.3,Top 10%
2018,3002,Catlin,42882.3,26492.0,2497.0,9.43,63.9,28.63,92.53,89.3,P75-P90
2018,2488,Chubb,440090.9,361607.8,34069.5,9.42,52.2,38.14,90.34,88.3,P75-P90
2018,457,Munich Re,523223.8,374232.2,34528.8,9.23,45.17,46.42,91.59,87.4,P75-P90
2018,609,Atrium,503029.0,430417.4,33075.6,7.68,48.49,44.84,93.33,86.4,P75-P90
2018,1225,Aegis,555200.0,394400.0,27600.0,7.0,53.19,43.74,96.93,85.4,P75-P90
2018,4000,Pembroke,422961.5,341950.6,23854.9,6.98,51.77,43.08,94.85,84.5,P75-P90
2018,2791,MAP,178966.8,138903.8,9384.0,6.76,56.45,37.97,94.42,83.5,P75-P90
2018,435,Faraday,469620.7,422820.4,24947.3,5.9,74.89,22.98,97.87,82.5,P75-P90
2018,3500,Riverstone,206585.9,105847.5,5886.5,5.56,93.82,0.5,94.32,81.6,P75-P90
2018,1910,Argo,364100.0,142300.0,7900.0,5.55,70.77,24.39,95.16,80.6,P75-P90
2018,2623,Beazley,1624701.49253731,1291492.53731343,68805.9701492537,5.33,57.69,38.19,95.88,79.6,P75-P90
2018,6117,Argo,82600.0,87000.0,3300.0,3.79,84.71,11.49,96.2,78.6,P75-P90
2018,218,ERS,329398.2,322683.0,11122.8,3.45,63.68,32.45,96.13,77.7,P75-P90
2018,3624,Hiscox,338384.776119403,320966.194029851,9784.17910447761,3.05,50.95,47.92,98.87,76.7,P75-P90
2018,2999,QBE,1191628.5,881702.8,25549.5,2.9,60.2,37.82,98.02,75.7,P75-P90
2018,3010,Cathedral,63649.1044776119,37170.223880597,1005.22388059701,2.7,43.48,55.75,99.23,74.8,P50-P75
2018,2232,AWAC,225161.6,128858.9,3340.9,2.59,67.49,33.52,101.01,73.8,P50-P75
2018,623,Beazley,356641.791044776,283582.089552239,5746.26865671642,2.03,57.45,39.97,97.42,72.8,P50-P75
2018,1492,Capita,129938.6,93217.0,1569.6,1.68,54.05,43.73,97.78,71.8,P50-P75
2018,1861,AmTrust,616206.6,346789.1,2408.3,0.69,55.81,44.71,100.52,70.9,P50-P75
2018,2008,StarStone,971263.7,971218.9,3746.6,0.39,98.76,0.14,98.9,69.9,P50-P75
2018,1880,TMK,271408.7,218461.2,711.9,0.33,60.0,39.96,99.96,68.9,P50-P75
2018,3902,Ark,97235.6,62307.2,-116.3,-0.19,53.29,48.13,101.42,68.0,P50-P75
2018,2012,Arch,232004.0,170302.3,-859.9,-0.5,56.96,40.7,97.66,67.0,P50-P75
2018,4472,Liberty,1386343.28358209,775970.149253731,-6865.67164179104,-0.88,59.75,38.84,98.59,66.0,P50-P75
2018,1221,Navigators,332382.2,246806.3,-3606.1,-1.46,65.18,39.47,104.65,65.0,P50-P75
2018,1458,Ren Re,563950.385,349347.927,-5687.502,-1.63,66.75,36.23,102.98,64.1,P50-P75
2018,510,TMK,1376728.9,1015556.5,-23380.1,-2.3,61.06,41.55,102.61,63.1,P50-P75
2018,1084,Chaucer,961500.0,629300.0,-17600.0,-2.8,61.32,41.52,102.84,62.1,P50-P75
2018,3000,Markel,515092.4,470099.0,-15010.9,-3.19,65.46,40.7,106.16,61.2,P50-P75
2018,1729,Asta,127568.1,98703.5,-3488.7,-3.53,64.61,39.28,103.89,60.2,P50-P75
2018,382,Hardy,372562.1,322184.5,-15154.8,-4.7,67.84,37.29,105.13,59.2,P50-P75
2018,4020,Ark,269499.6,252435.2,-12791.0,-5.07,63.19,41.7,104.89,58.3,P50-P75
2018,2987,Brit,1654776.11940298,925746.268656716,-47686.5671641791,-5.15,52.27,52.35,104.62,57.3,P50-P75
2018,1919,Starr,296587.23880597,85113.4328358209,-4439.4776119403,-5.22,85.96,23.61,109.57,56.3,P50-P75
2018,5623,Beazley,6245.97014925373,1917.46268656716,-106.940298507463,-5.58,69.29,36.64,105.93,55.3,P50-P75
2018,6107,Beazley,51321.7910447761,40657.2388059701,-2474.62686567164,-6.09,85.07,23.74,108.81,54.4,P50-P75
2018,5151,Endurance,358147.8,148556.8,-9191.8,-6.19,61.45,45.88,107.33,53.4,P50-P75
2018,1856,Barbican,143967.6,105604.9,-6587.4,-6.24,87.44,18.84,106.28,52.4,P50-P75
2018,44,AmTrust,17506.6,16347.9,-1051.4,-6.43,59.96,46.64,106.6,51.5,P50-P75
2018,2001,MS Amlin,2372200.0,1621900.0,-114000.0,-7.03,69.04,41.89,110.93,50.5,P50-P75
2018,4444,Canopius,1249305.5,1036038.4,-74076.9,-7.15,64.62,42.91,107.53,49.5,P25-P50
2018,1955,Barbican,434000.0,126100.0,-10000.0,-7.93,40.36,70.02,110.38,48.5,P25-P50
2018,6118,Barbican,142867.4,88410.8,-7032.1,-7.95,82.48,26.65,109.13,47.6,P25-P50
2018,1183,Talbot,712910.447761194,560000.0,-47537.3134328358,-8.49,69.48,41.9,111.38,46.6,P25-P50
2018,1967,WRB,190365.298507463,116477.23880597,-10057.3134328358,-8.63,66.54,43.82,110.36,45.6,P25-P50
2018,1274,Antares,437592.462686567,354606.417910448,-31933.7313432836,-9.01,73.14,35.15,108.29,44.7,P25-P50
2018,6103,MAP,17239.9,16223.0,-1466.5,-9.04,103.0,6.01,109.01,43.7,P25-P50
2018,1200,Argo,589200.0,394900.0,-35900.0,-9.09,67.79,39.93,107.72,42.7,P25-P50
2018,5000,Travelers,354004.4,317534.0,-29713.7,-9.36,70.14,40.16,110.3,41.7,P25-P50
2018,2014,Pembroke,199704.5,154412.9,-17498.6,-11.33,71.49,40.34,111.83,40.8,P25-P50
2018,5678,Vibe,120878.4,106672.9,-12227.3,-11.46,59.79,50.4,110.19,39.8,P25-P50
2018,2786,Asta,116351.2,95853.8,-11710.4,-12.22,66.67,41.72,108.39,38.8,P25-P50
2018,1991,Coverys,148818.1,119275.0,-14693.0,-12.32,67.92,43.09,111.01,37.9,P25-P50
2018,1945,Sirius,100064.3,87388.0,-11024.4,-12.62,73.57,36.86,110.43,36.9,P25-P50
2018,4711,Aspen,387768.0,193221.9,-25017.5,-12.95,66.83,44.35,111.18,35.9,P25-P50
2018,2007,AXIS,945963.0,636488.2,-87479.9,-13.74,64.28,51.42,115.7,35.0,P25-P50
2018,1218,Newline,152457.0,113413.9,-15624.3,-13.78,49.43,41.87,91.3,34.0,P25-P50
2018,3623,Beazley,-24925.3731343284,55895.5223880597,-7761.19402985075,-13.89,76.64,41.52,118.16,33.0,P25-P50
2018,2121,Argenta,397918.2,272274.1,-37861.4,-13.91,71.27,42.87,114.14,32.0,P25-P50
2018,2003,Catlin,2260985.97014925,1641750.67164179,-250170.820895522,-15.24,76.88,38.7,115.58,31.1,P25-P50
2018,2689,Asta,102098.28358209,82321.8656716418,-12573.1343283582,-15.27,70.87,45.12,115.99,30.1,P25-P50
2018,1975,Coverys,36137.8,20973.8,-3222.5,-15.36,65.93,48.28,114.21,29.1,P25-P50
2018,2010,Cathedral,217326.492537313,145764.253731343,-24444.0298507463,-16.77,80.56,38.14,118.7,28.2,P25-P50
2018,2088,Chaucer,188802.7,150659.0,-26377.4,-17.51,78.44,40.52,118.96,27.2,P25-P50
2018,1686,AXIS,313491.641791045,181606.343283582,-32142.6865671642,-17.7,81.37,36.59,117.96,26.2,P25-P50
2018,5886,Asta,147997.9,93284.5,-16639.6,-17.84,82.71,35.53,118.24,25.2,P25-P50
2018,780,Riverstone,185298.507462687,82537.3134328358,-16119.4029850746,-19.53,47.92,74.95,122.87,24.3,P10-P25
2018,2468,Neon,405073.1,240312.6,-47536.9,-19.78,67.33,52.45,119.78,23.3,P10-P25
2018,6132,Barbican,39761.1,14583.3,-2955.7,-20.27,71.85,49.0,120.85,22.3,P10-P25
2018,6134,Argenta,31442.2,12983.9,-2665.5,-20.53,68.48,51.31,119.79,21.4,P10-P25
2018,1897,Asta,67923.6,72578.5,-15401.7,-21.22,76.45,45.04,121.49,20.4,P10-P25
2018,6111,Catlin,34126.4,36614.9,-8584.3,-23.44,74.57,51.51,126.08,19.4,P10-P25
2018,1969,Apollo,312639.701492537,181809.776119403,-45055.8208955224,-24.78,90.0,36.14,126.14,18.4,P10-P25
2018,2015,Channel,312984.2,211504.0,-53809.1,-25.44,75.94,49.69,125.63,17.5,P10-P25
2018,2988,Brit,106533.5,83084.7,-22180.2,-26.7,89.13,38.49,127.62,16.5,P10-P25
2018,3334,Hamilton,134588.8,79287.2,-23356.8,-29.46,81.79,50.84,132.63,15.5,P10-P25
2018,6104,Hiscox,35656.3432835821,35900.7462686567,-10762.3134328358,-29.98,109.05,21.5,130.55,14.6,P10-P25
2018,318,Cincinnati,176816.3,141483.9,-55570.8,-39.28,103.64,32.72,136.36,13.6,P10-P25
2018,6125,Pembroke,20857.7,15214.2,-6727.6,-44.22,104.25,39.68,143.93,12.6,P10-P25
2018,3268,Asta,88519.8,36663.6,-18949.8,-51.69,102.87,48.61,151.48,11.7,P10-P25
2018,2357,Asta,442552.537313433,211256.940298507,-125411.71641791,-59.36,142.92,17.9,160.82,10.7,P10-P25
2018,1884,Charles Taylor,104176.2,89367.7,-56885.6,-63.65,103.86,55.71,159.57,9.7,Bottom 10%
2018,4242,Asta,160115.746268657,81076.7164179104,-54543.1343283582,-67.27,114.02,53.82,167.84,8.7,Bottom 10%
2018,1980,Asta,188349.328358209,41211.0447761194,-29850.3731343284,-72.43,143.27,32.53,175.8,7.8,Bottom 10%
2018,1301,StarStone,248515.6,122406.9,-89056.6,-72.75,130.15,47.0,177.15,6.8,Bottom 10%
2018,6131,Asta,2868.5,1397.8,-1254.0,-89.71,63.98,129.19,193.17,5.8,Bottom 10%
2018,6133,Apollo,43853.7313432836,23273.9552238806,-21109.8507462687,-90.7,152.4,40.03,192.43,4.9,Bottom 10%
2018,1947,Pembroke,23638.9,9640.1,-11712.5,-121.5,169.71,48.19,217.9,3.9,Bottom 10%
2018,6129,AXIS,71600.0,41800.0,-51800.0,-123.92,208.85,15.31,224.16,2.9,Bottom 10%
2018,6123,Asta,19296.7164179104,8473.88059701492,-11434.776119403,-134.94,172.56,62.67,235.23,1.9,Bottom 10%
2018,3330,Coverys,62.3,620.3,-3009.0,-485.09,658.89,43.85,702.74,1.0,Bottom 10%
2019,557,TMK,16887.6,15016.5,13030.0,86.77,4.72,17.47,22.19,100.0,Top 10%
2019,1176,Chaucer,28080.7,28835.0,22071.6,76.54,2.3,30.01,32.31,99.0,Top 10%
2019,6103,MAP,21040.3,20099.4,14093.3,70.12,16.05,16.24,32.29,97.9,Top 10%
2019,2791,MAP,224076.9,166555.6,51573.2,30.96,37.26,38.04,75.3,96.9,Top 10%
2019,1218,Newline,175239.6,139044.7,39041.2,28.08,53.75,41.05,94.8,95.8,Top 10%
2019,2488,Chubb,488175.0,378769.2,101667.6,26.84,57.69,35.92,93.61,94.8,Top 10%
2019,6133,Apollo,52119.765625,33554.84375,8756.328125,26.1,34.75,38.54,73.29,93.8,Top 10%
2019,318,Cincinnati,167420.0,144468.1,24093.4,16.68,54.78,33.34,88.12,92.7,Top 10%
2019,4472,Liberty,1322109.375,857578.125,129531.25,15.1,74.53,33.03,107.56,91.7,Top 10%
2019,609,Atrium,590710.7,504023.5,70345.9,13.96,48.32,42.07,90.39,90.6,Top 10%
2019,2012,Arch,223898.8,160170.6,22292.9,13.92,53.22,37.42,90.64,89.6,P75-P90
2019,510,TMK,1450008.7,992791.1,133586.6,13.46,48.43,41.39,89.82,88.5,P75-P90
2019,2525,Asta,81619.2,61437.3,7847.3,12.77,51.94,38.22,90.16,87.5,P75-P90
2019,2999,QBE,1221600.0,898700.0,109300.0,12.16,57.66,36.62,94.28,86.5,P75-P90
2019,1967,WRB,262827.96875,140473.59375,16623.515625,11.83,51.48,36.38,87.86,85.4,P75-P90
2019,3902,Ark,89454.6,73897.9,8668.3,11.73,47.75,42.32,90.07,84.4,P75-P90
2019,1183,Talbot,772343.75,603125.0,69765.625,11.57,56.13,38.55,94.68,83.3,P75-P90
2019,1084,Chaucer,1025468.75,685625.0,78750.0,11.49,56.22,39.49,95.71,82.3,P75-P90
2019,3002,Catlin,50033.0,29842.2,3221.7,10.8,62.79,27.08,89.87,81.2,P75-P90
2019,3010,Cathedral,101267.734375,56558.4375,5466.484375,9.67,47.7,43.32,91.02,80.2,P75-P90
2019,2623,Beazley,1855312.5,1449218.75,129453.125,8.93,61.27,37.33,98.6,79.2,P75-P90
2019,1414,Ascot,689430.5,379997.8,31713.0,8.35,51.66,44.71,96.37,78.1,P75-P90
2019,457,Munich Re,568614.8,425824.8,32635.6,7.66,50.24,46.38,96.62,77.1,P75-P90
2019,727,Meacock,74897.1,72585.9,5481.8,7.55,76.77,29.17,105.94,76.0,P75-P90
2019,386,QBE,346400.0,336000.0,25300.0,7.53,72.56,31.43,103.99,75.0,P75-P90
2019,1492,Capita,133795.0,106448.3,7833.1,7.36,53.5,40.88,94.38,74.0,P50-P75
2019,623,Beazley,407265.625,318125.0,21953.125,6.9,61.2,37.84,99.04,72.9,P50-P75
2019,1225,Aegis,653200.0,477500.0,32000.0,6.7,57.7,41.61,99.31,71.9,P50-P75
2019,2987,Brit,1771484.375,1074140.625,70781.25,6.59,51.74,45.82,97.56,70.8,P50-P75
2019,435,Faraday,447820.8,398703.4,23833.7,5.98,69.03,30.74,99.77,69.8,P50-P75
2019,4141,HCC,146155.6,128943.3,7534.6,5.84,53.48,43.03,96.51,68.8,P50-P75
2019,1274,Antares,472688.4375,399174.609375,22225.390625,5.57,67.21,34.16,101.37,67.7,P50-P75
2019,3500,Riverstone,430858.3,219179.0,12056.8,5.5,94.75,2.49,97.24,66.7,P50-P75
2019,218,ERS,359960.9,319888.8,13892.2,4.34,68.85,30.87,99.72,65.6,P50-P75
2019,3622,Beazley,25525.2,22448.3,904.8,4.03,61.77,33.3,95.07,64.6,P50-P75
2019,2001,MS Amlin,2084600.0,1724600.0,69200.0,4.01,63.84,39.15,102.99,63.5,P50-P75
2019,382,Hardy,316333.7,300002.8,10885.2,3.63,62.06,36.85,98.91,62.5,P50-P75
2019,4020,Ark,277372.9,245795.0,8360.8,3.4,60.8,39.1,99.9,61.5,P50-P75
2019,2010,Cathedral,223031.71875,147104.296875,4879.609375,3.32,61.01,37.66,98.67,60.4,P50-P75
2019,2003,Catlin,2091390.1,1652947.6,36024.0,2.18,71.49,38.52,110.01,59.4,P50-P75
2019,3623,Beazley,114531.25,71406.25,1406.25,1.97,67.18,42.34,109.52,58.3,P50-P75
2019,1969,Apollo,408978.75,207121.5625,3298.515625,1.59,67.02,35.16,102.18,57.3,P50-P75
2019,1955,Barbican,357000.0,178500.0,2500.0,1.4,62.3,40.28,102.58,56.2,P50-P75
2019,3268,Asta,119086.1,82017.2,705.4,0.86,63.37,36.49,99.86,55.2,P50-P75
2019,1892,Asta,8261.3,8225.5,63.6,0.77,80.36,18.87,99.23,54.2,P50-P75
2019,3000,Markel,543105.6,457995.1,2508.2,0.55,64.84,42.96,107.8,52.6,P50-P75
2019,4444,Canopius,1363810.9,995699.6,5492.5,0.55,58.47,44.09,102.56,52.6,P50-P75
2019,6123,Asta,32621.5625,15049.453125,33.28125,0.22,44.8,56.56,101.36,51.0,P50-P75
2019,1110,Coverys,60234.4,58659.2,-191.3,-0.33,98.73,2.92,101.65,50.0,P50-P75
2019,1458,Ren Re,685428.004,399857.64,-2875.934,-0.72,71.09,34.85,105.94,49.0,P25-P50
2019,6117,Argo,77300.0,78500.0,-600.0,-0.76,87.26,13.12,100.38,47.9,P25-P50
2019,6132,Barbican,51388.1,31534.4,-248.7,-0.79,66.17,36.3,102.47,46.9,P25-P50
2019,1910,Argo,289000.0,126600.0,-1200.0,-0.95,82.94,20.3,103.24,45.8,P25-P50
2019,4000,Pembroke,301640.4,262238.6,-3017.7,-1.15,60.81,44.07,104.88,44.8,P25-P50
2019,2014,Pembroke,177129.7,156859.3,-1920.0,-1.22,66.49,40.77,107.26,43.8,P25-P50
2019,5623,Beazley,28294.453125,18362.34375,-459.609375,-2.5,68.5,34.58,103.08,42.7,P25-P50
2019,33,Hiscox,1601520.15625,758366.796875,-19301.71875,-2.55,67.57,40.32,107.89,41.7,P25-P50
2019,1856,Barbican,106529.6,70052.8,-1844.5,-2.63,69.57,35.91,105.48,40.6,P25-P50
2019,2121,Argenta,457938.1,312315.5,-8549.2,-2.74,64.53,40.93,105.46,39.6,P25-P50
2019,1729,Asta,138682.1,94494.2,-3260.1,-3.45,65.32,40.43,105.75,38.5,P25-P50
2019,2088,Chaucer,123431.6,152284.9,-5341.1,-3.51,71.49,37.13,108.62,37.5,P25-P50
2019,1947,Pembroke,58106.5,38933.2,-1585.9,-4.07,78.49,26.37,104.86,36.5,P25-P50
2019,5151,Endurance,328619.3,159050.9,-6739.3,-4.24,67.85,41.26,109.11,35.4,P25-P50
2019,1861,AmTrust,661367.4,488361.3,-23502.1,-4.81,61.93,44.89,106.82,34.4,P25-P50
2019,1991,Coverys,162801.1,136690.8,-8551.9,-6.26,66.63,42.46,109.09,33.3,P25-P50
2019,3624,Hiscox,319759.53125,327489.140625,-21317.578125,-6.51,70.05,42.3,112.35,32.3,P25-P50
2019,1200,Argo,561400.0,416300.0,-27400.0,-6.58,68.58,40.64,109.22,31.2,P25-P50
2019,1880,TMK,319399.4,255861.5,-18595.7,-7.27,70.7,40.11,110.81,30.2,P25-P50
2019,1971,Apollo,66946.25,11355.0,-893.046875,-7.86,82.87,24.78,107.65,29.2,P25-P50
2019,5886,Blenheim,204542.3,136598.5,-11916.1,-8.72,75.91,33.81,109.72,28.1,P25-P50
2019,2015,Channel,251762.6,213559.2,-19102.6,-8.94,64.17,48.42,112.59,27.1,P25-P50
2019,2689,Asta,114575.15625,118403.59375,-12422.421875,-10.49,71.16,40.95,112.11,26.0,P25-P50
2019,2988,Brit,110351.1,94191.1,-10146.8,-10.77,71.37,40.05,111.42,25.0,P25-P50
2019,6107,Beazley,57736.5625,41637.96875,-5193.203125,-12.47,90.98,24.13,115.11,24.0,P10-P25
2019,1686,AXIS,892637.109375,405458.046875,-50895.46875,-12.55,62.38,51.12,113.5,22.9,P10-P25
2019,5678,Vibe,178842.4,137384.0,-17461.8,-12.71,70.09,48.03,118.12,21.9,P10-P25
2019,2468,Neon,435443.4,300683.5,-44866.9,-14.92,68.02,49.58,117.6,20.8,P10-P25
2019,2232,AWAC,219196.4,124895.4,-18832.1,-15.08,87.19,33.57,120.76,19.8,P10-P25
2019,6134,Argenta,50990.7,39279.1,-6236.5,-15.88,72.78,43.6,116.38,18.8,P10-P25
2019,1919,Starr,305766.796875,86207.734375,-14420.78125,-16.73,100.74,25.85,126.59,17.7,P10-P25
2019,1945,Sirius,96590.8,90811.5,-15853.9,-17.46,85.02,35.26,120.28,16.7,P10-P25
2019,2786,Asta,145803.8,120604.2,-22123.5,-18.34,76.31,44.43,120.74,15.6,P10-P25
2019,4242,Asta,201148.359375,96799.921875,-18739.53125,-19.36,62.82,57.28,120.1,14.6,P10-P25
2019,1221,Navigators,358647.2,271202.7,-54899.4,-20.24,85.73,40.66,126.39,13.5,P10-P25
2019,1301,StarStone,175405.1,142095.8,-32455.2,-22.84,86.78,43.77,130.55,12.5,P10-P25
2019,1975,Coverys,38657.3,35825.7,-8369.2,-23.36,82.84,43.2,126.04,11.5,P10-P25
2019,6125,Pembroke,23909.5,17963.3,-4404.7,-24.52,88.89,38.01,126.9,10.4,P10-P25
2019,3334,Hamilton,130205.1,81275.8,-24039.2,-29.58,86.54,47.16,133.7,9.4,Bottom 10%
2019,5000,Travelers,369787.1,311023.6,-107926.3,-34.7,96.1,39.97,136.07,8.3,Bottom 10%
2019,2357,Nephila,375934.84375,200102.8125,-71616.5625,-35.79,125.4,12.9,138.3,7.3,Bottom 10%
2019,4711,Aspen,379371.0,153151.9,-57397.7,-37.48,85.42,53.29,138.71,6.2,Bottom 10%
2019,1980,Asta,147820.390625,70595.234375,-27952.96875,-39.6,103.51,35.75,139.26,5.2,Bottom 10%
2019,6131,Asta,6085.2,3802.6,-2104.3,-55.34,62.51,88.63,151.14,4.2,Bottom 10%
2019,1897,Asta,26631.8,46336.2,-29518.5,-63.71,121.64,43.71,165.35,3.1,Bottom 10%
2019,6104,Hiscox,46608.671875,43952.265625,-50789.21875,-115.56,195.44,21.4,216.84,2.1,Bottom 10%
2019,2008,StarStone,586238.2,-76742.1,97284.2,-126.77,-124.98,-15.94,-140.92,1.0,Bottom 10%
2020,6104,Hiscox,31906.796875,32275.46875,28788.75,89.2,13.06,20.87,33.93,100.0,Top 10%
2020,1176,Chaucer,29370.3,28004.6,18624.5,66.51,10.38,28.4,38.78,98.9,Top 10%
2020,2488,Chubb,528252.3,391696.7,87817.0,22.42,65.67,31.95,97.62,97.8,Top 10%
2020,1892,Asta,14727.0,14437.6,2716.6,18.82,65.44,15.75,81.19,96.7,Top 10%
2020,6103,MAP,32024.2,30869.6,5756.2,18.65,76.6,9.23,85.83,95.7,Top 10%
2020,4472,Liberty,1364687.5,896015.625,157031.25,17.53,66.66,31.85,98.51,94.6,Top 10%
2020,1492,Capita,144770.3,113647.2,17969.4,15.81,44.58,41.01,85.59,93.5,Top 10%
2020,1919,Starr,325039.765625,82375.625,12651.171875,15.36,75.15,23.72,98.87,92.4,Top 10%
2020,1414,Ascot,824294.9,450828.9,68176.3,15.12,57.1,32.34,89.44,91.3,Top 10%
2020,435,Faraday,404357.7,358547.4,49929.8,13.93,61.67,32.07,93.74,90.2,Top 10%
2020,1971,Apollo,78434.765625,29333.203125,4061.328125,13.85,74.93,14.01,88.94,89.1,P75-P90
2020,1225,Aegis,707900.0,532000.0,64600.0,12.14,52.99,40.86,93.85,88.0,P75-P90
2020,386,QBE,373100.0,326500.0,38400.0,11.76,57.4,31.85,89.25,87.0,P75-P90
2020,2791,MAP,313512.8,219358.8,24505.8,11.17,61.52,32.52,94.04,85.9,P75-P90
2020,609,Atrium,632719.8,536441.8,58174.5,10.84,50.5,43.34,93.84,84.8,P75-P90
2020,218,ERS,329195.8,311931.8,32819.1,10.52,58.69,33.23,91.92,83.7,P75-P90
2020,3010,Lancashire,132175.78125,72825.0,7220.0,9.91,48.28,42.49,90.77,82.6,P75-P90
2020,2999,QBE,1436700.0,1025600.0,93300.0,9.1,61.75,34.72,96.47,81.5,P75-P90
2020,2525,Asta,89870.4,72356.3,5967.6,8.25,55.04,38.52,93.56,80.4,P75-P90
2020,3902,Ark,126653.2,81881.3,6574.9,8.03,45.54,45.68,91.22,79.3,P75-P90
2020,6125,Pembroke,18490.3,17597.8,1283.1,7.29,55.18,38.24,93.42,78.3,P75-P90
2020,2012,Arch,293918.3,182938.6,13075.1,7.15,53.46,39.56,93.02,77.2,P75-P90
2020,5151,Endurance,238045.1,137763.4,9308.2,6.76,58.8,38.83,97.63,76.1,P75-P90
2020,1110,R&Q,114132.9,114720.8,5866.1,5.11,92.12,4.78,96.9,74.5,P50-P75
2020,2015,Channel,232827.4,184101.0,9401.6,5.11,50.8,45.46,96.26,74.5,P50-P75
2020,1969,Apollo,428188.90625,210803.984375,7452.265625,3.54,63.26,36.17,99.43,72.8,P50-P75
2020,1729,Asta,163092.9,121532.9,3927.3,3.23,65.43,34.52,99.95,71.7,P50-P75
2020,2232,AWAC,239147.0,123096.6,3810.1,3.1,64.96,31.1,96.06,70.7,P50-P75
2020,6107,Beazley,59527.8125,48136.640625,1463.90625,3.04,75.64,24.97,100.61,69.6,P50-P75
2020,4020,Ark,339617.2,245788.4,4905.7,2.0,58.4,41.89,100.29,68.5,P50-P75
2020,727,Meacock,95271.2,87090.7,1425.7,1.64,75.1,32.96,108.06,67.4,P50-P75
2020,4141,HCC,161568.3,124315.0,1990.5,1.6,57.87,43.54,101.41,66.3,P50-P75
2020,1880,TMK,345681.0,297258.1,-1352.6,-0.46,65.94,37.96,103.9,65.2,P50-P75
2020,1084,Chaucer,1162421.875,761093.75,-6796.875,-0.89,64.74,40.11,104.85,64.1,P50-P75
2020,4000,Pembroke,379083.4,269368.6,-4413.1,-1.64,62.03,42.53,104.56,63.0,P50-P75
2020,3622,Beazley,21651.0,21494.5,-525.4,-2.44,68.1,34.67,102.77,62.0,P50-P75
2020,2010,Lancashire,245731.09375,162348.515625,-4092.890625,-2.52,71.69,32.64,104.33,60.9,P50-P75
2020,5623,Beazley,67196.328125,47599.375,-1586.484375,-3.33,78.6,25.66,104.26,59.8,P50-P75
2020,1274,Antares,445484.6875,388564.6875,-13158.984375,-3.39,78.13,32.6,110.73,58.7,P50-P75
2020,457,Munich Re,739209.9,497722.0,-21056.8,-4.23,66.18,41.57,107.75,57.6,P50-P75
2020,1218,Newline,210064.0,155233.1,-6854.2,-4.42,51.96,40.99,92.95,56.5,P50-P75
2020,1183,Talbot,825937.5,631406.25,-32890.625,-5.21,74.46,35.52,109.98,55.4,P50-P75
2020,2623,Beazley,2098046.875,1621250.0,-85468.75,-5.27,74.91,35.09,110.0,54.3,P50-P75
2020,382,Hardy,277432.6,238823.4,-13356.2,-5.59,74.5,36.52,111.02,53.3,P50-P75
2020,623,Beazley,460468.75,355859.375,-22265.625,-6.26,74.86,35.43,110.29,52.2,P50-P75
2020,5000,Travelers,307668.4,297815.4,-19339.7,-6.49,67.65,39.8,107.45,51.1,P50-P75
2020,510,TMK,1472360.1,926361.0,-67823.7,-7.32,71.5,42.08,113.58,50.0,P50-P75
2020,3623,Beazley,178437.5,86250.0,-7031.25,-8.15,72.64,44.93,117.57,48.9,P25-P50
2020,33,Hiscox,1544209.21875,795285.78125,-68561.640625,-8.62,71.76,41.15,112.91,47.8,P25-P50
2020,4444,Canopius,1009591.0,872533.9,-78128.3,-8.95,69.57,42.72,112.29,46.7,P25-P50
2020,1458,Ren Re,743799.902,301147.045,-29155.186,-9.68,71.34,45.71,117.05,45.7,P25-P50
2020,2987,Brit,1818203.125,1096093.75,-109843.75,-10.02,67.64,46.31,113.95,44.6,P25-P50
2020,2689,Asta,117736.09375,101730.703125,-10709.609375,-10.53,70.12,41.91,112.03,43.5,P25-P50
2020,2121,Argenta,586912.1,328813.8,-37084.2,-11.28,74.0,39.3,113.3,42.4,P25-P50
2020,2357,Nephila,403981.640625,243182.734375,-28891.5625,-11.88,103.64,8.54,112.18,41.3,P25-P50
2020,318,Cincinnati,179209.7,143318.9,-17235.5,-12.03,82.98,30.59,113.57,40.2,P25-P50
2020,5886,Blenheim,238700.7,163431.7,-19901.9,-12.18,79.08,32.82,111.9,39.1,P25-P50
2020,6134,Argenta,143846.3,99362.1,-12170.5,-12.25,72.44,39.83,112.27,38.0,P25-P50
2020,1686,AXIS,981368.90625,661131.09375,-81116.640625,-12.27,69.9,44.27,114.17,37.0,P25-P50
2020,1200,Argo,518400.0,427400.0,-53900.0,-12.61,76.2,39.78,115.98,35.9,P25-P50
2020,1910,Argo,255900.0,105300.0,-14500.0,-13.77,93.16,20.89,114.05,34.8,P25-P50
2020,1221,Navigators,302451.5,256608.3,-35887.2,-13.99,82.46,38.94,121.4,33.7,P25-P50
2020,2001,MS Amlin,1370000.0,1271800.0,-178100.0,-14.0,76.35,42.54,118.89,32.6,P25-P50
2020,6117,Argo,81900.0,70700.0,-10300.0,-14.57,92.5,20.93,113.43,31.5,P25-P50
2020,6132,Barbican,40225.0,28153.9,-4129.7,-14.67,77.95,39.11,117.06,30.4,P25-P50
2020,1955,Barbican,269800.0,212000.0,-31800.0,-15.0,88.92,30.09,119.01,29.3,P25-P50
2020,1301,StarStone,144478.0,135969.1,-21651.5,-15.92,71.39,48.57,119.96,28.3,P25-P50
2020,3268,Asta,128813.2,105297.3,-18189.1,-17.27,85.18,32.35,117.53,27.2,P25-P50
2020,1947,Pembroke,92040.1,58579.8,-10256.3,-17.51,95.6,23.92,119.52,26.1,P25-P50
2020,2019,Talbot,565234.375,288593.75,-52343.75,-18.14,81.78,36.41,118.19,25.0,P25-P50
2020,2003,Catlin,1676221.3,1313953.5,-321004.3,-24.43,95.39,38.4,133.79,23.9,P10-P25
2020,3000,Markel,521869.7,464425.4,-113958.4,-24.54,91.27,40.01,131.28,22.8,P10-P25
2020,2988,Brit,167000.8,123031.3,-35188.0,-28.6,94.42,34.26,128.68,21.7,P10-P25
2020,1991,Coverys,159231.6,136967.6,-43963.1,-32.1,87.84,47.28,135.12,20.7,P10-P25
2020,1861,AmTrust,526426.5,517484.8,-175773.9,-33.97,91.53,43.01,134.54,19.6,P10-P25
2020,2786,Asta,173762.4,134139.7,-52418.7,-39.08,95.71,44.08,139.79,18.5,P10-P25
2020,3002,Catlin,29556.6,26751.2,-10622.8,-39.71,100.67,35.86,136.53,17.4,P10-P25
2020,557,TMK,25770.2,21934.9,-9381.6,-42.77,137.31,11.7,149.01,15.8,P10-P25
2020,557,TMK,25770.2,21934.9,-9381.6,-42.77,137.31,11.7,149.01,15.8,P10-P25
2020,4711,Aspen,349387.8,122186.0,-52964.9,-43.35,87.76,64.47,152.23,14.1,P10-P25
2020,1975,Coverys,54682.5,45120.7,-21136.7,-46.84,111.55,42.03,153.58,13.0,P10-P25
2020,3624,Hiscox,302981.171875,306509.84375,-151853.828125,-49.54,106.86,46.76,153.62,12.0,P10-P25
2020,6133,Apollo,59443.4375,32771.953125,-16639.765625,-50.77,107.98,44.29,152.27,10.9,P10-P25
2020,1945,Sirius,108832.2,95711.6,-56164.3,-58.68,127.14,32.23,159.37,9.8,Bottom 10%
2020,4242,Asta,200604.6875,115292.421875,-70371.953125,-61.04,111.78,50.28,162.06,8.7,Bottom 10%
2020,1967,WRB,326123.125,144067.34375,-105329.21875,-73.11,129.06,42.43,171.49,7.6,Bottom 10%
2020,6131,Asta,8834.6,5390.4,-4424.2,-82.08,102.97,77.49,180.46,6.5,Bottom 10%
2020,2468,Neon,72175.5,156476.0,-131234.3,-83.87,109.05,74.66,183.71,5.4,Bottom 10%
2020,1856,Barbican,78958.5,34115.2,-49878.5,-146.21,159.87,92.39,252.26,4.3,Bottom 10%
2020,2288,Asta,65574.84375,13769.84375,-28442.8125,-206.56,216.54,90.19,306.73,3.3,Bottom 10%
2020,1840,Munich Re,1046.1,316.6,-891.6,-281.62,2.02,378.02,380.04,2.2,Bottom 10%
2020,4747,Asta,1831.2,78.4,-1660.5,-2117.98,68.75,2149.23,2217.98,1.1,Bottom 10%
2021,1176,Chaucer,26309.6,26694.7,18916.0,70.86,3.51,29.27,32.78,100.0,Top 10%
2021,6104,Hiscox,17822.4637681159,22432.3913043478,13504.2028985507,60.2,18.85,18.72,37.57,98.9,Top 10%
2021,1892,Asta MPS,14821.7,14872.7,7448.5,50.08,26.18,23.74,49.92,97.9,Top 10%
2021,1884,Premia,9970.2,51901.5,23377.0,45.04,22.38,77.37,99.75,96.8,Top 10%
2021,3002,AXA XL,25973.4,25451.1,9612.5,37.77,30.19,32.89,63.08,95.7,Top 10%
2021,2003,AXA XL,1363442.7,1053441.8,350304.8,33.25,39.22,35.41,74.63,94.7,Top 10%
2021,3010,Lancashire Re,187950.652173913,94324.347826087,25818.9130434783,27.37,35.2,37.15,72.35,93.6,Top 10%
2021,1218,Newline,257684.5,193433.0,49246.7,25.46,50.36,39.64,90.0,92.6,Top 10%
2021,6107,Beazley,85241.1594202899,56493.0434782609,13382.9710144928,23.69,46.79,30.57,77.36,91.5,Top 10%
2021,3622,Beazley,22061.0,15568.0,3615.1,23.22,38.92,38.45,77.37,90.4,Top 10%
2021,3623,Beazley,226666.666666667,103333.333333333,23623.1884057971,22.86,25.88,49.58,75.46,89.4,P75-P90
2021,1492,Probitas,168526.2,125751.7,26098.5,20.75,39.73,38.67,78.4,88.3,P75-P90
2021,3902,Ark,134294.4,94155.4,18294.6,19.43,35.72,45.8,81.52,87.2,P75-P90
2021,1880,TMK,314525.4,193974.1,34691.9,17.88,36.75,45.3,82.05,86.2,P75-P90
2021,1183,Talbot,924565.217391304,656449.275362319,112826.086956522,17.19,47.28,35.69,82.97,85.1,P75-P90
2021,33,Hiscox,1489958.26086957,796377.971014493,136178.115942029,17.1,47.61,34.9,82.51,84.0,P75-P90
2021,4020,Ark,373976.0,297687.5,49183.2,16.52,45.96,40.06,86.02,83.0,P75-P90
2021,318,Cincinnati Financial,179205.6,139970.9,22991.3,16.43,50.22,33.14,83.36,81.9,P75-P90
2021,1225,Aegis,773700.0,565200.0,85400.0,15.11,45.58,40.64,86.22,80.9,P75-P90
2021,457,Munich Re,896699.2,615720.2,88863.5,14.43,45.23,38.51,83.74,79.8,P75-P90
2021,2525,Asta Ive,113386.1,79480.4,11399.4,14.34,48.49,38.02,86.51,78.7,P75-P90
2021,2357,Nephila,480480.434782609,290969.782608696,39612.4637681159,13.61,76.89,9.81,86.7,77.7,P75-P90
2021,435,Faraday,449638.6,380356.8,51047.4,13.42,57.78,28.72,86.5,76.6,P75-P90
2021,2488,Chubb,561297.1,445914.2,58478.8,13.11,56.27,32.53,88.8,75.5,P75-P90
2021,1971,Apollo,115898.550724638,53684.8550724638,6516.59420289855,12.14,82.37,5.24,87.61,74.5,P50-P75
2021,2232,AWAC,252288.1,138343.4,15994.7,11.56,56.18,32.16,88.34,73.4,P50-P75
2021,2623,Beazley,2517101.44927536,1742826.08695652,200072.463768116,11.48,56.92,34.49,91.41,72.3,P50-P75
2021,609,Atrium,711223.6,590308.9,67582.8,11.45,45.41,42.61,88.02,71.3,P50-P75
2021,5000,Travelers,337256.7,266058.9,30116.7,11.32,52.68,39.97,92.65,70.2,P50-P75
2021,2012,Arch,317104.5,216195.1,23610.7,10.92,49.43,40.44,89.87,69.1,P50-P75
2021,727,Meacock,92023.9,87550.4,9432.9,10.77,53.37,38.48,91.85,68.1,P50-P75
2021,1084,Chaucer,1274637.68115942,884565.217391304,94130.4347826087,10.64,51.22,38.22,89.44,67.0,P50-P75
2021,4472,Liberty,1423800.0,867300.0,89700.0,10.34,50.78,38.61,89.39,66.0,P50-P75
2021,623,Beazley,552536.231884058,382608.695652174,35507.2463768116,9.28,56.88,35.89,92.77,64.9,P50-P75
2021,1414,Ascot,1043752.9,601148.7,55678.5,9.26,55.6,34.04,89.64,63.8,P50-P75
2021,386,QBE,412300.0,356800.0,32800.0,9.19,59.81,30.49,90.3,62.8,P50-P75
2021,510,TMK,1365131.3,903615.7,82299.1,9.11,46.39,42.47,88.86,61.7,P50-P75
2021,2008,Enstar,418398.0,429068.6,34214.2,7.97,89.01,3.69,92.7,60.6,P50-P75
2021,2015,SCOR,265739.2,187626.2,14080.2,7.5,46.66,45.83,92.49,59.6,P50-P75
2021,1945,SiriusPoint,110801.6,96951.8,6758.8,6.97,59.34,33.46,92.8,58.5,P50-P75
2021,1686,Axis,1067431.95652174,779626.739130435,54298.9130434783,6.96,52.02,40.67,92.69,57.4,P50-P75
2021,2791,MAP,366510.2,248775.3,15387.7,6.19,60.39,32.65,93.04,55.9,P50-P75
2021,4444,Canopius,1413850.6,545809.5,33800.3,6.19,23.28,71.92,95.2,55.9,P50-P75
2021,2987,BRIT,1982173.91304348,913913.043478261,47681.1594202899,5.22,39.43,55.79,95.22,54.3,P50-P75
2021,1200,ArgoGlobal,599900.0,418700.0,20300.0,4.85,54.17,40.24,94.41,53.2,P50-P75
2021,6134,Argenta,133424.9,145181.3,6671.5,4.6,56.47,39.08,95.55,52.1,P50-P75
2021,382,CNA Hardy,254399.6,210151.9,9590.3,4.56,61.78,32.38,94.16,51.1,P50-P75
2021,1967,WR Berkley,359896.666666667,185259.275362319,7485.94202898551,4.04,62.21,34.17,96.38,50.0,P50-P75
2021,1729,Asta Dale,184680.5,133084.8,5043.1,3.79,62.75,33.3,96.05,48.9,P25-P50
2021,4141,TM HCC,171477.5,129512.9,4795.0,3.7,48.81,47.28,96.09,47.9,P25-P50
2021,2786,Asta Everest,190429.3,159135.6,5339.9,3.36,57.07,39.0,96.07,46.8,P25-P50
2021,1221,Navigator,320921.7,255241.0,8464.0,3.32,62.92,32.57,95.49,45.7,P25-P50
2021,4000,Hamilton,414048.5,236303.0,6381.9,2.7,58.53,37.98,96.51,44.7,P25-P50
2021,2121,Argenta,654917.4,366749.4,9829.8,2.68,57.45,40.11,97.56,43.6,P25-P50
2021,3000,Markel,482648.0,409009.4,10495.9,2.57,54.54,40.58,95.12,42.6,P25-P50
2021,2999,QBE,1483300.0,1109700.0,17500.0,1.58,62.83,33.72,96.55,41.5,P25-P50
2021,218,IQUW,319212.2,282396.1,4301.2,1.52,65.75,33.44,99.19,40.4,P25-P50
2021,5623,Beazley,117028.985507246,89420.2898550725,1159.42028985507,1.3,75.28,24.39,99.67,39.4,P25-P50
2021,2001,MS Amlin,1339700.0,962300.0,7900.0,0.82,59.31,42.76,102.07,38.3,P25-P50
2021,3268,Asta Agora,142806.9,111684.9,818.4,0.73,69.34,31.09,100.43,37.2,P25-P50
2021,3500,RiverStone,1678234.1,1548048.1,4378.2,0.28,99.49,1.05,100.54,36.2,P25-P50
2021,1274,Antares,394187.753623188,332237.028985507,637.898550724638,0.19,66.16,33.62,99.78,35.1,P25-P50
2021,1975,Coverys,51747.3,21500.0,-184.5,-0.86,17.59,80.67,98.26,34.0,P25-P50
2021,6132,Arch,52015.3,35616.6,-619.9,-1.74,66.05,36.23,102.28,33.0,P25-P50
2021,1969,Apollo,512851.231884058,223064.565217391,-6067.68115942029,-2.72,64.03,38.44,102.47,31.9,P25-P50
2021,557,TMK,25421.6,18417.8,-754.1,-4.09,86.98,15.79,102.77,30.9,P25-P50
2021,1955,Arch,341607.2,189248.0,-8507.7,-4.5,66.71,36.78,103.49,29.8,P25-P50
2021,6117,ArgoGlobal,84000.0,79900.0,-4000.0,-5.01,87.36,16.27,103.63,28.7,P25-P50
2021,2010,Lancashire Re,270677.536231884,174352.463768116,-10114.6376811594,-5.8,72.48,33.7,106.18,27.7,P25-P50
2021,1988,Asta CFC,55086.5942028986,13057.3188405797,-767.31884057971,-5.88,49.45,55.54,104.99,26.6,P25-P50
2021,1910,Ariel Re,380200.0,171200.0,-10900.0,-6.37,81.78,25.29,107.07,25.5,P25-P50
2021,1856,IQUW,189990.7,123476.2,-8748.2,-7.08,68.91,39.71,108.62,24.5,P10-P25
2021,1458,RenaissanceRe,823718.381014493,452197.371014493,-33693.5160144928,-7.45,68.69,37.55,106.24,23.4,P10-P25
2021,5886,Blenheim,285549.5,194618.8,-15301.2,-7.86,77.39,31.6,108.99,22.3,P10-P25
2021,2988,BRIT,194700.0,160200.0,-13400.0,-8.36,77.65,30.21,107.86,21.3,P10-P25
2021,1618,BRIT KI,287536.231884058,120362.31884058,-11594.2028985507,-9.63,69.54,39.55,109.09,20.2,P10-P25
2021,1796,Ascot,453.0,371.3,-39.0,-10.5,1.99,108.08,110.07,19.1,P10-P25
2021,1919,Starr,324933.985507246,81741.5942028986,-8637.82608695652,-10.57,90.69,19.64,110.33,18.1,P10-P25
2021,6133,Apollo,60630.9420289855,42687.6811594203,-5257.17391304348,-12.32,73.2,39.21,112.41,17.0,P10-P25
2021,2689,Asta Verto,80852.7536231884,76347.1739130435,-9940.21739130435,-13.02,72.91,40.7,113.61,16.0,P10-P25
2021,6131,Asta Dale,13944.9,9235.2,-1261.8,-13.66,61.28,55.24,116.52,14.9,P10-P25
2021,1301,Inigo,310869.202898551,176980.434782609,-24611.6666666667,-13.91,72.33,40.57,112.9,13.3,P10-P25
2021,2019,Talbot,562318.84057971,529275.362318841,-73623.1884057971,-13.91,77.74,35.88,113.62,13.3,P10-P25
2021,1994,Apollo,100432.5,97728.1,-16114.2,-16.49,112.31,4.78,117.09,11.7,P10-P25
2021,1947,Hamilton GIC Re,121115.3,76256.8,-12663.1,-16.61,87.41,28.81,116.22,10.6,P10-P25
2021,4711,Aspen,494152.1,198968.4,-34308.8,-17.24,80.84,36.52,117.36,9.6,Bottom 10%
2021,3624,Hiscox,201123.550724638,206671.376811594,-38949.7826086957,-18.85,66.53,52.42,118.95,8.5,Bottom 10%
2021,4242,Asta Beat,227588.260869565,151884.202898551,-33158.9130434783,-21.83,77.75,44.2,121.95,7.4,Bottom 10%
2021,6103,MAP,40796.7,39774.9,-17948.1,-45.12,141.39,3.2,144.59,6.4,Bottom 10%
2021,2288,Asta Victor,64650.9420289855,26898.8405797101,-17845.9420289855,-66.34,88.47,78.27,166.74,5.3,Bottom 10%
2021,4747,Asta Carbon,20789.3,6179.2,-4569.5,-73.95,60.7,106.12,166.82,4.3,Bottom 10%
2021,1609,Asta Mosaic,81093.6956521739,15965.3623188406,-13480.7246376812,-84.44,55.45,128.25,183.7,3.2,Bottom 10%
2021,1416,Asta,2225.21739130435,238.913043478261,-224.492753623188,-93.96,57.36,131.21,188.57,2.1,Bottom 10%
2021,1840,Munich Re,3877.9,932.9,-995.9,-106.75,56.97,150.58,207.55,1.1,Bottom 10%
2022,1796,Asta Parsyl,1618.54838709677,-130.564516129032,-638.870967741935,489.31,-67.45,-329.4,-396.85,100.0,Top 10%
2022,1254,Polo,2507.4,1523.0,2117.3,139.02,309.72,266.19,575.91,99.0,Top 10%
2022,6104,Hiscox,10070.8870967742,11604.9193548387,8760.64516129032,75.49,19.41,27.67,47.08,97.9,Top 10%
2022,1176,Chaucer,28116.2,29320.8,19567.4,66.74,2.25,30.36,32.61,96.9,Top 10%
2022,2357,Nephila,470608.225806452,347226.774193548,152503.790322581,43.92,44.97,12.56,57.53,95.9,Top 10%
2022,1892,Asta MPS,20794.1,19432.6,8249.1,42.45,43.78,16.25,60.03,94.8,Top 10%
2022,1919,Starr,389766.290322581,-87910.0,-29982.8225806452,34.11,-83.57,-18.34,-101.91,93.8,Top 10%
2022,1492,Probitas,210873.7,117121.7,30093.1,25.69,17.67,54.09,71.76,92.8,Top 10%
2022,6107,Beazley,64516.1290322581,76290.3225806452,18145.1612903226,23.78,53.49,25.9,79.39,91.8,Top 10%
2022,2525,Asta Ive,119131.3,89148.0,20486.6,22.98,43.58,39.34,82.92,90.7,Top 10%
2022,3902,Ark,168740.7,126234.8,23155.3,18.34,35.64,44.28,79.92,89.7,P75-P90
2022,33,Hiscox,1671190.96774194,947237.016129032,155616.935483871,16.43,39.38,37.84,77.22,88.7,P75-P90
2022,4242,Asta Beat,278189.838709677,162503.064516129,26541.1290322581,16.33,37.28,42.46,79.74,87.6,P75-P90
2022,4020,Ark,496341.8,407702.5,63635.3,15.61,45.65,36.97,82.62,86.6,P75-P90
2022,1971,Apollo,217566.290322581,79105.564516129,11497.9032258065,14.53,78.52,6.31,84.83,85.6,P75-P90
2022,5623,Beazley,202983.870967742,159354.838709677,22500.0,14.12,57.29,26.52,83.81,84.5,P75-P90
2022,1200,Westfield Specialty,637300.0,190100.0,26700.0,14.05,6.63,82.17,88.8,83.5,P75-P90
2022,1225,Aegis,907900.0,686400.0,94800.0,13.81,46.69,39.09,85.78,82.5,P75-P90
2022,318,Cincinnati Financial,250390.1,187985.4,25776.9,13.71,53.71,33.19,86.9,81.4,P75-P90
2022,1988,Asta CFC,179460.403225806,112745.322580645,14804.6774193548,13.13,41.77,43.96,85.73,80.4,P75-P90
2022,6134,Argenta,146411.1,141917.7,18429.1,12.99,45.19,42.22,87.41,79.4,P75-P90
2022,3623,Beazley,319838.709677419,138225.806451613,17822.5806451613,12.89,34.95,51.4,86.35,78.4,P75-P90
2022,3010,Lancashire Re,278287.5,154113.870967742,17745.7258064516,11.51,55.38,33.12,88.5,77.3,P75-P90
2022,2358,Nephila,39678.7096774194,15406.0483870968,1756.93548387097,11.4,48.56,40.08,88.64,76.3,P75-P90
2022,4711,Aspen,838598.6,318186.3,35068.1,11.02,43.78,31.63,75.41,75.3,P75-P90
2022,1969,Apollo,492544.677419355,319117.741935484,33491.6935483871,10.5,49.53,39.21,88.74,74.2,P50-P75
2022,2015,SCOR,306214.3,226508.1,22595.8,9.98,45.94,44.12,90.06,73.2,P50-P75
2022,3622,Beazley,28841.9,22094.1,2159.5,9.77,54.39,36.96,91.35,72.2,P50-P75
2022,1945,SiriusPoint,109666.0,105104.8,10102.6,9.61,56.74,33.1,89.84,71.1,P50-P75
2022,1967,WR Berkley,412894.758064516,244177.661290323,21271.1290322581,8.71,60.74,29.96,90.7,70.1,P50-P75
2022,2880,Asta Sukoon,14819.2741935484,7714.67741935484,664.758064516129,8.62,65.56,25.98,91.54,69.1,P50-P75
2022,1183,Talbot,1043629.03225806,736532.258064516,63225.8064516129,8.58,53.16,34.99,88.15,68.0,P50-P75
2022,1218,Newline,268650.3,228828.5,19517.7,8.53,51.22,38.24,89.46,67.0,P50-P75
2022,435,Faraday,542817.2,473325.3,38356.5,8.1,62.79,28.52,91.31,66.0,P50-P75
2022,2623,Beazley,3177177.41935484,2388145.16129032,177983.870967742,7.45,57.14,33.88,91.02,64.9,P50-P75
2022,457,Munich Re,1041145.1,822302.4,60507.2,7.36,52.67,34.92,87.59,63.9,P50-P75
2022,727,Meacock,122769.5,118348.1,8375.9,7.08,54.11,32.44,86.55,62.9,P50-P75
2022,4000,Hamilton,454195.1,270791.3,17973.2,6.64,51.71,37.93,89.64,61.9,P50-P75
2022,1975,Coverys,52284.0,-46693.0,-3053.7,6.54,-102.2,-2.69,-104.89,60.8,P50-P75
2022,609,Atrium,926038.0,750970.8,47504.5,6.33,52.65,36.77,89.42,59.8,P50-P75
2022,510,TMK,1576119.3,1009744.5,56847.7,5.63,48.88,41.68,90.56,58.8,P50-P75
2022,2012,Arch,438306.5,290701.4,15717.5,5.41,55.5,37.76,93.26,57.7,P50-P75
2022,4141,TM HCC,216681.0,181731.5,9208.5,5.07,45.43,46.1,91.53,56.7,P50-P75
2022,1880,TMK,404487.3,244660.6,11463.2,4.69,47.87,43.93,91.8,55.7,P50-P75
2022,5000,Travelers,398989.8,287633.8,12276.5,4.27,57.65,41.73,99.38,54.6,P50-P75
2022,3500,RiverStone,1107696.0483871,1134602.09677419,47689.1935483871,4.2,90.77,1.82,92.59,53.6,P50-P75
2022,1686,Axis,1264080.0,856615.725806452,35859.1935483871,4.19,47.19,42.86,90.05,52.6,P50-P75
2022,1947,Hamilton GIC Re,177386.4,145401.2,5925.5,4.08,69.36,24.26,93.62,51.5,P50-P75
2022,623,Beazley,697419.35483871,524112.903225806,21129.0322580645,4.03,57.13,35.28,92.41,50.5,P50-P75
2022,2786,Asta Everest,191600.8,160765.2,5237.3,3.26,57.23,41.51,98.74,49.5,P25-P50
2022,2232,AWAC,344264.7,180793.2,5389.0,2.98,67.2,30.0,97.2,48.5,P25-P50
2022,1618,BRIT KI,675000.0,409677.419354839,8709.67741935484,2.13,64.72,31.77,96.49,47.4,P25-P50
2022,2791,MAP,517726.4,363160.3,7571.5,2.08,67.4,27.65,95.05,46.4,P25-P50
2022,2121,Argenta,776419.4,506609.9,9391.2,1.85,58.89,40.13,99.02,45.4,P25-P50
2022,1414,Ascot,1350245.9,925934.7,13302.8,1.44,60.31,34.43,94.74,44.3,P25-P50
2022,1902,Asta MCI,22429.9,8238.8,73.1,0.89,51.64,50.54,102.18,43.3,P25-P50
2022,4444,Canopius,1698179.4,1254853.9,8268.2,0.66,56.39,39.74,96.13,42.3,P25-P50
2022,2988,BRIT,252300.0,212800.0,500.0,0.23,66.59,28.52,95.11,41.2,P25-P50
2022,1084,Chaucer,1583629.03225806,1134919.35483871,1854.83870967742,0.16,60.8,33.65,94.45,40.2,P25-P50
2022,1301,Inigo,638040.403225806,396998.306451613,401.048387096774,0.1,64.57,32.76,97.33,39.2,P25-P50
2022,1729,Dale,250409.0,179845.7,-1869.6,-1.04,67.32,31.45,98.77,37.6,P25-P50
2022,2987,BRIT,2385806.4516129,1452741.93548387,-15080.6451612903,-1.04,58.12,40.95,99.07,37.6,P25-P50
2022,6117,Ariel Re,58500.0,68500.0,-1000.0,-1.46,86.72,17.37,104.09,36.1,P25-P50
2022,382,CNA Hardy,321160.4,237087.3,-4415.2,-1.86,67.03,30.29,97.32,35.1,P25-P50
2022,2488,Chubb,649031.3,520715.9,-10562.5,-2.03,50.01,34.59,84.6,34.0,P25-P50
2022,1110,R&Q,333442.2,83615.8,-2081.8,-2.49,79.5,9.42,88.92,32.5,P25-P50
2022,386,QBE,456800.0,426000.0,-10600.0,-2.49,61.2,28.8,90.0,32.5,P25-P50
2022,218,IQUW,359395.5,294454.9,-7914.5,-2.69,67.8,33.13,100.93,30.9,P25-P50
2022,1884,Premia,168965.6,190424.9,-5660.9,-2.97,86.73,13.39,100.12,29.9,P25-P50
2022,1856,IQUW,544012.8,332389.1,-11266.6,-3.39,72.23,30.49,102.72,28.9,P25-P50
2022,1458,RenaissanceRe,965511.645967742,437025.415967742,-19866.3759677419,-4.55,60.56,34.57,95.13,27.8,P25-P50
2022,1955,Arch,531520.3,329997.2,-16804.6,-5.09,67.28,31.77,99.05,26.8,P25-P50
2022,2001,MS Amlin,1576800.0,909100.0,-46700.0,-5.14,53.48,46.46,99.94,25.3,P25-P50
2022,5886,Blenheim,386236.3,272629.1,-14003.8,-5.14,76.58,29.45,106.03,25.3,P25-P50
2022,1910,Ariel Re,605600.0,340200.0,-20000.0,-5.88,74.04,32.01,106.05,23.7,P10-P25
2022,2999,QBE,1815500.0,1305000.0,-96600.0,-7.4,65.75,32.67,98.42,22.7,P10-P25
2022,1609,Asta Mosaic,178147.5,79580.6451612903,-6474.43548387097,-8.14,53.91,51.18,105.09,21.6,P10-P25
2022,3000,Markel,623630.8,465314.6,-38860.9,-8.35,61.61,38.73,100.34,20.6,P10-P25
2022,1416,Asta Beat SPA,52755.0806451613,23234.0322580645,-1985.88709677419,-8.55,61.42,46.35,107.77,19.6,P10-P25
2022,2019,Talbot,488951.612903226,549596.774193548,-52096.7741935484,-9.48,73.69,33.71,107.4,18.6,P10-P25
2022,1274,Antares,445140.322580645,352490.725806452,-38620.7258064516,-10.96,70.04,32.81,102.85,17.5,P10-P25
2022,2010,Lancashire Re,337023.951612903,243933.467741935,-34359.3548387097,-14.09,83.26,31.55,114.81,16.5,P10-P25
2022,6103,MAP,56581.5,56250.0,-8403.7,-14.94,108.44,5.44,113.88,15.5,P10-P25
2022,1221,Hartford,373509.5,295227.4,-44778.4,-15.17,68.56,33.4,101.96,14.4,P10-P25
2022,2689,Asta HRP,78875.7258064516,66179.0322580645,-10326.1290322581,-15.6,72.4,39.77,112.17,13.4,P10-P25
2022,2003,AXA XL,1228101.0,839848.4,-160412.5,-19.1,57.1,39.9,97.0,12.4,P10-P25
2022,4472,Liberty,1617900.0,1126800.0,-221300.0,-19.64,67.21,32.07,99.28,11.3,P10-P25
2022,3002,AXA XL,29782.1,25783.5,-5372.6,-20.84,85.31,27.87,113.18,10.3,P10-P25
2022,4747,Asta Carbon,44780.6,18025.7,-4663.4,-25.87,57.57,72.42,129.99,9.3,Bottom 10%
2022,3624,Hiscox,204290.241935484,196993.14516129,-54174.1935483871,-27.5,75.14,44.62,119.76,8.2,Bottom 10%
2022,1840,Munich Re,3675.8,1588.2,-454.1,-28.59,19.6,108.13,127.73,7.2,Bottom 10%
2022,1699,Asta Volante,51641.6,17848.8,-8262.8,-46.29,102.08,50.57,152.65,6.2,Bottom 10%
2022,557,TMK,24308.8,17036.0,-9655.1,-56.67,124.51,21.42,145.93,5.2,Bottom 10%
2022,4321,Beazley,8462.90322580645,3908.3064516129,-2534.27419354839,-64.84,94.4,70.83,165.23,4.1,Bottom 10%
2022,2008,Enstar,50385.4,58706.5,-67195.9,-114.46,137.17,29.87,167.04,3.1,Bottom 10%
2022,3456,Asta Greenlight Re,5021.85483870968,554.91935483871,-701.612903225806,-126.44,73.59,156.61,230.2,2.1,Bottom 10%
2022,5183,Asta MIC,6059.35483870968,7.17741935483871,-523.629032258065,-7295.51,55.06,7176.4,7231.46,1.0,Bottom 10%
2023,1945,SiriusPoint,159823.3,19002.8,33813.0,177.94,238.89,199.44,438.33,100.0,Top 10%
2023,6104,Hiscox,15768.2258064516,14172.4193548387,21683.4677419355,153.0,66.14,31.21,97.35,99.0,Top 10%
2023,2357,Nephila,349138.306451613,309261.451612903,251289.758064516,81.25,10.6,14.89,25.49,98.0,Top 10%
2023,2001,MS Amlin,1748700.0,324100.0,256800.0,79.23,115.58,147.36,262.94,96.9,Top 10%
2023,3623,Beazley,25564.5161290323,82177.4193548387,63306.4516129032,77.04,25.42,49.17,74.59,95.9,Top 10%
2023,1176,Chaucer,36961.6,33894.0,24073.5,71.03,8.54,28.91,37.45,94.9,Top 10%
2023,6136,Ariel Re,55000.0,38900.0,25800.0,66.32,7.71,26.99,34.7,93.9,Top 10%
2023,6117,Ariel Re,53900.0,64000.0,42400.0,66.25,22.19,12.81,35.0,92.9,Top 10%
2023,6103,MAP,61887.8,60958.7,35064.6,57.52,32.25,13.05,45.3,91.8,Top 10%
2023,1910,Ariel Re,705100.0,513400.0,285300.0,55.57,20.26,27.37,47.63,90.8,Top 10%
2023,6107,Beazley,35080.6451612903,46290.3225806452,20967.7419354839,45.3,34.15,26.66,60.81,89.8,P75-P90
2023,1919,Starr,421496.612903226,93813.6290322581,41275.0806451613,44.0,64.72,14.91,79.63,88.8,P75-P90
2023,1218,Newline,255477.3,222982.3,94329.8,42.3,47.36,38.95,86.31,87.8,P75-P90
2023,2488,Chubb,694184.5,563956.8,233970.3,41.49,45.77,33.17,78.94,86.7,P75-P90
2023,1892,Asta MPS,20599.1,20344.5,7328.2,36.02,56.15,15.27,71.42,85.7,P75-P90
2023,1458,RenaissanceRe,831172.174032258,371929.962016129,127226.955,34.21,38.22,35.59,73.81,84.7,P75-P90
2023,2525,Asta Ive,133058.6,103207.2,32506.5,31.5,34.02,41.05,75.07,83.7,P75-P90
2023,2999,QBE,2224900.0,1434600.0,437000.0,30.46,44.49,34.27,78.76,82.7,P75-P90
2023,33,Hiscox,1893580.72580645,1109349.19354839,324762.016129032,29.28,38.74,40.33,79.07,81.6,P75-P90
2023,318,Cincinnati Financial,289788.9,228607.4,66377.8,29.04,39.29,36.62,75.91,80.6,P75-P90
2023,1967,WR Berkley,447252.580645161,259740.725806452,74556.3709677419,28.7,47.24,30.71,77.95,79.1,P75-P90
2023,386,QBE,415200.0,261700.0,75100.0,28.7,50.9,48.95,99.85,79.1,P75-P90
2023,2791,MAP,678436.0,494419.8,141635.5,28.65,42.37,34.14,76.51,77.6,P75-P90
2023,4020,Ark,622663.7,484711.7,134650.0,27.78,39.83,39.93,79.76,76.5,P75-P90
2023,2623,Beazley,3627741.93548387,2723306.4516129,755887.096774194,27.76,43.34,36.56,79.9,75.5,P75-P90
2023,1225,Aegis,1039800.0,786900.0,212800.0,27.04,43.26,37.93,81.19,74.5,P50-P75
2023,2010,Lancashire Re,364002.5,277668.306451613,74305.6451612903,26.76,43.3,32.94,76.24,73.5,P50-P75
2023,1492,Probitas,288242.8,204960.7,53295.7,26.0,38.72,39.3,78.02,72.4,P50-P75
2023,382,CNA Hardy,364447.3,275186.3,71108.3,25.84,56.07,27.12,83.19,71.4,P50-P75
2023,1221,Hartford,414640.4,329982.4,83210.8,25.22,55.61,32.43,88.04,70.4,P50-P75
2023,5886,Blenheim,392180.1,301254.2,74280.9,24.66,47.25,30.69,77.94,69.4,P50-P75
2023,3002,AXA XL,29890.0,27435.7,6748.0,24.6,56.31,24.62,80.93,68.4,P50-P75
2023,623,Beazley,786209.677419355,593709.677419355,145887.096774194,24.57,43.21,40.32,83.53,67.3,P50-P75
2023,1084,Chaucer,1698951.61290323,1221854.83870968,288951.612903226,23.65,47.69,35.34,83.03,66.3,P50-P75
2023,2003,AXA XL,1321025.2,870342.3,205708.5,23.64,52.79,37.48,90.27,65.3,P50-P75
2023,1183,Talbot,1137903.22580645,761048.387096774,175322.580645161,23.04,49.24,35.18,84.42,64.3,P50-P75
2023,435,Faraday,661922.8,591221.9,134554.2,22.76,56.72,28.08,84.8,63.3,P50-P75
2023,2232,AWAC,416751.4,238909.1,53352.8,22.33,55.47,30.34,85.81,62.2,P50-P75
2023,1856,IQUW,736600.0,510100.0,111300.0,21.82,46.72,34.33,81.05,61.2,P50-P75
2023,1988,Asta CFC,236160.403225806,210478.225806452,45617.3387096774,21.67,38.44,42.01,80.45,60.2,P50-P75
2023,6134,Argenta,149564.9,141961.9,30558.8,21.53,33.51,44.18,77.69,59.2,P50-P75
2023,1955,Arch,588777.3,404967.5,86205.8,21.29,56.64,30.99,87.63,58.2,P50-P75
2023,2988,BRIT,211200.0,216800.0,45700.0,21.08,59.36,25.46,84.82,57.1,P50-P75
2023,1880,TMK,444100.0,280700.0,58600.0,20.88,44.82,40.65,85.47,56.1,P50-P75
2023,457,Munich Re,1212592.5,985496.4,204935.0,20.8,49.99,34.62,84.61,55.1,P50-P75
2023,4141,TM HCC,239298.7,189265.7,39220.7,20.72,37.6,46.96,84.56,54.1,P50-P75
2023,1274,Antares,480037.338709677,422365.483870968,85304.1935483871,20.2,54.18,34.99,89.17,53.1,P50-P75
2023,510,TMK,1792800.0,1142200.0,229700.0,20.11,47.25,39.2,86.45,52.0,P50-P75
2023,3000,Markel,701536.2,452627.3,89472.4,19.77,40.01,48.38,88.39,51.0,P50-P75
2023,1971,Apollo,238750.967741935,116093.306451613,22776.3709677419,19.62,73.71,13.72,87.43,50.0,P50-P75
2023,1686,Axis,1419347.82258065,987411.774193548,192070.161290323,19.45,46.95,40.58,87.53,49.0,P25-P50
2023,1414,Ascot,1440915.5,1041876.0,202025.2,19.39,51.94,34.7,86.64,48.0,P25-P50
2023,1301,Inigo,880900.967741935,607431.935483871,115828.951612903,19.07,54.76,29.97,84.73,46.4,P25-P50
2023,3010,Lancashire Re,335771.532258065,200212.258064516,38171.6935483871,19.07,47.9,38.64,86.54,46.4,P25-P50
2023,4444,Canopius,2044451.7,1290309.0,245377.1,19.02,47.83,39.42,87.25,44.9,P25-P50
2023,2121,Argenta,837806.8,528476.6,100177.8,18.96,47.57,40.01,87.58,43.9,P25-P50
2023,4711,Aspen,806288.1,335263.6,61093.5,18.22,62.71,24.03,86.74,42.9,P25-P50
2023,2987,BRIT,2203467.74193548,1422177.41935484,253467.741935484,17.82,49.82,40.96,90.78,41.8,P25-P50
2023,4000,Hamilton,545433.7,298379.6,50566.4,16.95,51.49,39.65,91.14,40.8,P25-P50
2023,1729,Dale,311483.629032258,249574.274193548,42000.1612903226,16.83,58.02,30.15,88.17,39.8,P25-P50
2023,1254,Polo,99356.3,50386.9,8445.3,16.76,91.78,0.41,92.19,38.8,P25-P50
2023,4242,Asta Beat,353492.419354839,214410.322580645,35579.3548387097,16.59,50.55,39.21,89.76,37.8,P25-P50
2023,1902,Asta MCI,48614.3,33357.1,5402.0,16.19,48.02,35.57,83.59,36.7,P25-P50
2023,1618,BRIT KI,705241.935483871,521129.032258064,81048.3870967742,15.55,58.91,30.81,89.72,35.7,P25-P50
2023,1200,Westfield Specialty,582400.0,437000.0,61900.0,14.16,48.22,39.57,87.79,34.7,P25-P50
2023,5623,Beazley,314677.419354839,237258.064516129,32741.935483871,13.8,56.83,33.41,90.24,33.7,P25-P50
2023,3902,Ark,205122.1,152620.4,20993.2,13.76,48.62,40.21,88.83,32.7,P25-P50
2023,1969,Apollo,581617.338709677,421135.403225806,57876.6129032258,13.74,53.8,36.85,90.65,31.6,P25-P50
2023,3500,RiverStone,1951875.24193548,1966698.70967742,245402.5,12.48,92.95,1.85,94.8,30.6,P25-P50
2023,5000,Travelers,433369.8,331719.6,41129.4,12.4,49.34,42.1,91.44,29.6,P25-P50
2023,1796,Asta Parsyl,11974.6774193548,2934.83870967742,361.451612903226,12.32,27.42,65.09,92.51,28.6,P25-P50
2023,2012,Arch,556302.0,380074.7,46685.9,12.28,54.93,37.65,92.58,27.6,P25-P50
2023,2015,SCOR,325719.8,267467.5,32600.1,12.19,47.23,44.01,91.24,26.5,P25-P50
2023,1947,Hamilton GIC Re,117045.9,104589.2,11954.0,11.43,63.59,29.01,92.6,25.5,P25-P50
2023,727,Meacock,115238.0,116154.3,12861.7,11.07,67.79,33.04,100.83,24.5,P10-P25
2023,609,Atrium,971621.5,804831.6,82059.4,10.2,55.6,41.16,96.76,23.5,P10-P25
2023,4472,Liberty,1696500.0,1315700.0,122300.0,9.3,73.06,33.63,106.69,22.4,P10-P25
2023,1416,Asta Beat SPA,69496.2903225806,50524.1129032258,4520.32258064516,8.95,50.2,40.46,90.66,21.4,P10-P25
2023,2786,Asta Everest,250900.5,201446.5,17625.4,8.75,55.1,40.66,95.76,20.4,P10-P25
2023,2019,Talbot,602096.774193548,578306.451612903,47661.2903225807,8.24,65.33,31.22,96.55,19.4,P10-P25
2023,3624,Hiscox,198753.870967742,165595.483870968,11814.8387096774,7.13,60.03,52.18,112.21,18.4,P10-P25
2023,2358,Nephila,97774.9193548387,63402.9032258065,4486.53225806452,7.08,59.9,34.44,94.34,17.3,P10-P25
2023,3622,Beazley,29857.7,22916.7,1124.1,4.91,48.71,48.71,97.42,16.3,P10-P25
2023,1322,Asta Trium,8757.5,1996.77419354839,88.8709677419355,4.45,52.13,43.66,95.79,15.3,P10-P25
2023,1609,Asta Mosaic,233350.967741935,143944.112903226,6110.48387096774,4.25,56.57,44.59,101.16,14.3,P10-P25
2023,218,IQUW,412567.6,330875.9,8364.3,2.53,72.15,33.12,105.27,13.3,P10-P25
2023,2689,Asta HRP,63622.0967741935,73491.1290322581,1295.64516129032,1.76,60.89,39.9,100.79,12.2,P10-P25
2023,1347,Asta Wakam,21797.7,21797.7,330.4,1.52,77.35,21.13,98.48,11.2,P10-P25
2023,1985,Asta Flux,74471.2903225806,24338.6290322581,-173.064516129032,-0.71,58.46,42.73,101.19,10.2,P10-P25
2023,1699,Asta Volante,141936.2,78738.4,-804.5,-1.02,58.72,42.89,101.61,9.2,Bottom 10%
2023,4321,Beazley,16470.7258064516,15110.7258064516,-238.790322580645,-1.58,66.02,37.7,103.72,8.2,Bottom 10%
2023,1884,Premia,59915.8,65180.2,-1444.5,-2.22,92.58,28.33,120.91,7.1,Bottom 10%
2023,3456,Asta Greenlight Re,13496.0483870968,9505.88709677419,-272.903225806452,-2.87,76.01,26.47,102.48,6.1,Bottom 10%
2023,2008,Enstar,447436.4,307681.4,-20158.2,-6.55,123.73,0.04,123.77,5.1,Bottom 10%
2023,4747,Asta Carbon,92086.8,32290.0,-4892.1,-15.15,52.04,64.8,116.84,4.1,Bottom 10%
2023,2880,Asta Sukoon,32427.8225806452,13228.6290322581,-2531.45161290323,-19.14,80.46,39.55,120.01,3.1,Bottom 10%
2023,1996,Polo WDS,2717.7,253.9,-858.9,-338.28,37.97,396.38,434.35,2.0,Bottom 10%
2023,5183,Asta MIC,-3851.37096774194,203.145161290323,-1322.90322580645,-651.21,38.19,687.22,725.41,1.0,Bottom 10%
2024,3500,RiverStone,22924.21875,43612.5,193349.21875,443.33,239.85,82.65,322.5,98.2,Top 10%
2024,3939,Apollo,4668.75,-2789.0625,-10746.875,385.32,-141.62,-147.7,-289.32,97.3,Top 10%
2024,1254,Polo,1268.75,1335.15625,3977.34375,297.89,333.53,111.12,444.65,96.4,Top 10%
2024,6136,Ariel Re,107.8125,6907.03125,8138.28125,117.83,24.07,12.33,36.4,95.5,Top 10%
2024,308,TMK,1991.0,1905.0,1980.0,103.94,14.59,50.76,65.35,94.6,Top 10%
2024,6104,Hiscox,58832.8125,49814.0625,24795.3125,49.78,24.95,31.05,56.0,93.8,Top 10%
2024,1176,Chaucer,34153.0,33220.0,16427.0,49.45,33.78,25.46,59.24,92.9,Top 10%
2024,1218,Newline,280526.0,230106.0,90578.0,39.36,45.14,40.95,86.09,92.0,Top 10%
2024,1892,Asta,22852.0,20918.0,7656.0,36.6,55.83,16.23,72.06,91.1,Top 10%
2024,2488,Chubb,727463.0,609802.0,219721.0,36.03,44.6,33.4,78.0,90.2,Top 10%
2024,6103,MAP,79335.0,78682.0,28241.0,35.89,57.89,11.87,69.76,89.3,P75-P90
2024,2357,Nephila,476187.5,368753.90625,124236.71875,33.69,59.45,13.22,72.67,88.4,P75-P90
2024,4321,Beazley,3347.65625,8612.5,2875.0,33.38,51.24,21.98,73.22,87.5,P75-P90
2024,318,Cincinnati Financial,301406.0,227063.0,72013.0,31.71,34.44,40.34,74.78,86.6,P75-P90
2024,1225,Aegis,1008353.125,786714.84375,239721.875,30.47,38.69,38.42,77.11,85.7,P75-P90
2024,4141,TM HCC,226206.25,174647.65625,52036.71875,29.8,29.61,47.53,77.14,84.8,P75-P90
2024,3622,Beazley,31379.0,25459.0,7558.0,29.69,17.6,53.47,71.07,83.9,P75-P90
2024,1492,Probitas,317205.0,217933.0,62060.0,28.48,33.97,43.24,77.21,83.0,P75-P90
2024,1322,Asta,58268.75,22842.1875,6414.0625,28.08,27.11,44.69,71.8,82.1,P75-P90
2024,1955,Arch,745614.0,478476.0,128523.0,26.86,52.55,30.91,83.46,81.2,P75-P90
2024,435,Faraday,642142.1875,543423.4375,144827.34375,26.65,54.02,29.39,83.41,80.4,P75-P90
2024,3624,Hiscox,182928.90625,178509.375,45756.25,25.63,47.58,41.94,89.52,79.5,P75-P90
2024,1988,Asta,271350.78125,238067.96875,59972.65625,25.19,37.52,40.15,77.67,78.6,P75-P90
2024,3000,Markel,785467.0,580494.0,145683.0,25.1,34.8,45.67,80.47,77.7,P75-P90
2024,2010,Lancashire Re,336512.5,264170.3125,66263.28125,25.08,39.33,39.97,79.3,76.8,P75-P90
2024,2623,Beazley,2286666.40625,2418822.65625,592486.71875,24.49,46.68,38.3,84.98,75.9,P75-P90
2024,2791,MAP,773103.0,603468.0,137517.0,22.79,52.74,30.96,83.7,75.0,P75-P90
2024,2525,Asta,127998.0,112817.0,25516.0,22.62,42.9,38.03,80.93,74.1,P50-P75
2024,33,Hiscox,1822671.875,1100274.21875,247075.0,22.46,45.83,39.86,85.69,73.2,P50-P75
2024,1221,Hartford,432687.0,340476.0,73772.0,21.67,52.38,33.73,86.11,72.3,P50-P75
2024,4020,Ark,757891.0,578227.0,124145.0,21.47,45.87,38.54,84.41,71.4,P50-P75
2024,1971,Apollo,320959.375,135249.21875,28982.03125,21.43,71.69,14.63,86.32,70.5,P50-P75
2024,4711,Aspen,1012862.0,393586.0,83748.0,21.28,49.72,32.7,82.42,69.6,P50-P75
2024,2232,AWAC,472464.0,270383.0,56000.0,20.71,54.04,30.35,84.39,68.8,P50-P75
2024,2019,Talbot,447562.5,502559.375,102985.15625,20.49,54.61,29.92,84.53,67.9,P50-P75
2024,386,QBE,371246.0,220548.0,44761.0,20.3,56.96,45.93,102.89,67.0,P50-P75
2024,1967,WR Berkley,471267.96875,298606.25,59869.53125,20.05,55.56,30.9,86.46,66.1,P50-P75
2024,1609,Asta,257810.9375,173469.53125,34746.09375,20.03,39.99,39.46,79.45,65.2,P50-P75
2024,1856,IQUW,866928.125,611001.5625,122210.15625,20.0,48.26,35.38,83.64,64.3,P50-P75
2024,5886,Blenheim,393745.0,278905.0,55606.0,19.94,43.19,41.53,84.72,63.4,P50-P75
2024,4444,Canopius,2468303.90625,1521856.25,302313.28125,19.86,51.32,34.94,86.26,62.5,P50-P75
2024,1902,Asta,58243.0,49550.0,9831.0,19.84,39.39,40.0,79.39,61.6,P50-P75
2024,727,Meacock,115445.0,115554.0,22734.0,19.67,58.64,34.25,92.89,60.7,P50-P75
2024,4472,Liberty,1753408.0,1335338.0,262572.0,19.66,56.25,32.83,89.08,59.8,P50-P75
2024,1084,Chaucer,1863092.96875,1345724.21875,262568.75,19.51,51.39,34.17,85.56,58.9,P50-P75
2024,2999,QBE,2536209.0,1781336.0,346693.0,19.46,55.95,30.57,86.52,58.0,P50-P75
2024,3902,Ark,209714.0,167070.0,32211.0,19.28,39.62,45.06,84.68,57.1,P50-P75
2024,2121,Argenta,835197.0,569613.0,105562.0,18.53,48.07,39.92,87.99,56.2,P50-P75
2024,457,Munich Re,1373467.0,1088061.0,197502.0,18.15,51.28,35.87,87.15,55.4,P50-P75
2024,1686,Axis,1536619.53125,1110050.0,201001.5625,18.11,46.97,40.81,87.78,54.5,P50-P75
2024,3002,AXA XL,36448.0,34277.0,6115.0,17.84,45.13,26.41,71.54,53.6,P50-P75
2024,218,IQUW,490052.0,409303.0,70165.0,17.14,56.99,31.64,88.63,52.7,P50-P75
2024,1301,Inigo,1046867.1875,747935.9375,127752.34375,17.08,57.55,29.67,87.22,51.8,P50-P75
2024,3010,Lancashire Re,362654.6875,243564.84375,40160.9375,16.49,53.34,35.25,88.59,50.9,P50-P75
2024,6134,Argenta,146752.0,140972.0,22688.0,16.09,40.86,42.75,83.61,50.0,P50-P75
2024,1458,RenaissanceRe,1070767.1875,434503.90625,69663.28125,16.03,54.79,35.5,90.29,49.1,P25-P50
2024,2988,BRIT,180965.0,182954.0,29070.0,15.89,62.75,28.39,91.14,48.2,P25-P50
2024,1618,Asta,625760.15625,519268.75,79350.0,15.28,62.46,27.55,90.01,47.3,P25-P50
2024,623,Beazley,819307.03125,660039.0625,95589.0625,14.48,48.84,45.09,93.93,46.4,P25-P50
2024,5623,Beazley,384203.125,333482.8125,48117.96875,14.43,54.26,36.29,90.55,45.5,P25-P50
2024,2001,MS Amlin,1769448.0,1550857.0,212143.0,13.68,54.93,33.96,88.89,44.6,P25-P50
2024,2015,SCOR,356054.0,255417.0,33518.0,13.12,44.0,46.26,90.26,43.8,P25-P50
2024,1414,Ascot,1517303.125,1110876.5625,144573.4375,13.01,57.86,33.72,91.58,42.9,P25-P50
2024,2987,BRIT,2236654.6875,1431385.9375,185650.78125,12.97,53.07,39.22,92.29,42.0,P25-P50
2024,2880,Asta,48297.65625,29705.46875,3792.96875,12.77,55.75,33.26,89.01,41.1,P25-P50
2024,1919,Starr,373464.0625,96291.40625,11826.5625,12.28,73.82,20.7,94.52,40.2,P25-P50
2024,2689,Asta,79021.875,60933.59375,7455.46875,12.24,53.31,38.56,91.87,39.3,P25-P50
2024,4000,Hamilton,619267.1875,365967.1875,44737.5,12.22,57.42,36.23,93.65,38.4,P25-P50
2024,510,TMK,1817300.0,1295208.0,155503.0,12.01,53.98,39.25,93.23,37.1,P25-P50
2024,6107,Beazley,49461.71875,38189.0625,4586.71875,12.01,56.37,39.2,95.57,37.1,P25-P50
2024,1880,TMK,450042.0,319627.0,36827.0,11.52,52.91,40.77,93.68,35.3,P25-P50
2024,3623,Beazley,1043732.03125,446971.875,51490.625,11.52,51.76,39.26,91.02,35.3,P25-P50
2024,1274,Antares,467039.0625,414659.375,47532.03125,11.46,55.59,39.03,94.62,33.9,P25-P50
2024,1200,Westfield Specialty,653538.0,333113.0,35214.0,10.57,52.91,40.74,93.65,33.0,P25-P50
2024,2003,AXA XL,1377336.0,953720.0,98584.0,10.34,63.8,35.79,99.59,32.1,P25-P50
2024,1100,Apollo,19367.7966101695,11045.7627118644,1126.27118644068,10.2,79.63,10.28,89.91,31.2,P25-P50
2024,1947,Asta,130528.0,98705.0,9838.0,9.97,56.64,38.05,94.69,30.4,P25-P50
2024,6117,Ariel Re,86338.28125,91578.125,9070.3125,9.9,89.36,2.6,91.96,29.5,P25-P50
2024,382,CNA Hardy,335500.0,287858.0,27692.0,9.62,64.91,31.92,96.83,28.6,P25-P50
2024,5000,Travelers,560426.0,401529.0,37814.0,9.42,52.61,42.94,95.55,27.7,P25-P50
2024,1910,Ariel Re,1069464.84375,767171.875,71987.5,9.38,69.9,23.68,93.58,26.8,P25-P50
2024,2012,Arch,635770.0,453462.0,36558.0,8.06,61.39,37.5,98.89,25.9,P25-P50
2024,1183,Talbot,1031697.65625,755467.96875,60321.875,7.98,64.28,32.69,96.97,25.0,P25-P50
2024,1945,SiriusPoint,180212.0,145905.0,11326.0,7.76,62.5,34.71,97.21,24.1,P10-P25
2024,609,Atrium,1026490.0,846332.0,58803.0,6.95,57.48,42.0,99.48,23.2,P10-P25
2024,4242,Asta,304645.3125,181388.28125,12569.53125,6.93,53.3,43.23,96.53,22.3,P10-P25
2024,1969,Apollo,670515.625,525852.34375,36154.6875,6.88,61.47,35.73,97.2,21.4,P10-P25
2024,1729,Dale,385528.125,309897.65625,20814.84375,6.72,66.47,31.34,97.81,20.5,P10-P25
2024,1985,Asta,155653.90625,80384.375,5221.09375,6.5,59.77,34.38,94.15,19.6,P10-P25
2024,1925,Apollo EnvelopRisk,32591.40625,11501.5625,688.28125,5.98,57.49,36.62,94.11,18.8,P10-P25
2024,1416,Asta,61287.5,45421.09375,2661.71875,5.86,55.81,42.21,98.02,17.9,P10-P25
2024,2786,Asta,328799.0,255647.0,10461.0,4.09,55.82,42.05,97.87,17.0,P10-P25
2024,2358,Nephila,173604.6875,122413.28125,3566.40625,2.91,61.77,36.75,98.52,16.1,P10-P25
2024,3456,Asta,33892.96875,17098.4375,34.375,0.2,64.44,36.68,101.12,15.2,P10-P25
2024,1996,Polo,10825.0,5051.5625,-84.375,-1.67,14.07,87.95,102.02,14.3,P10-P25
2024,4747,Asta,163404.0,72270.0,-1855.0,-2.57,51.26,51.44,102.7,13.4,P10-P25
2024,1796,Asta,10976.5625,4780.46875,-522.65625,-10.93,36.98,75.18,112.16,12.5,P10-P25
2024,3123,Asta,130189.0625,15654.6875,-3513.28125,-22.44,53.0,68.91,121.91,11.6,P10-P25
2024,2050,Axis,33952.34375,4352.34375,-1055.46875,-24.25,46.92,78.5,125.42,10.7,P10-P25
2024,1347,Polo,711.0,711.0,-209.0,-29.4,100.42,26.02,126.44,9.8,Bottom 10%
2024,2024,Probitas,22092.96875,8508.59375,-2760.15625,-32.44,92.54,40.46,133.0,8.9,Bottom 10%
2024,2427,Asta,8515.0,2605.0,-874.0,-33.55,56.08,75.59,131.67,8.0,Bottom 10%
2024,2454,Apollo,29078.125,5320.3125,-4216.40625,-79.25,81.92,98.44,180.36,7.1,Bottom 10%
2024,1884,Premia,8304.0,9892.0,-20214.0,-204.35,260.81,146.59,407.4,6.2,Bottom 10%
2024,5183,Asta,-494.53125,867.1875,-1794.53125,-206.94,50.45,260.54,310.99,5.4,Bottom 10%
2024,2008,Enstar,3613.0,-9533.0,40152.0,-421.19,-405.76,-202.05,-607.81,4.5,Bottom 10%
2024,1994,Apollo,8.59375,1132.03125,-8631.25,-762.46,808.01,238.79,1046.8,3.6,Bottom 10%
2024,1922,Asta,196.875,22.65625,-663.28125,-2927.59,48.28,3024.14,3072.42,2.7,Bottom 10%
2024,6131,Dale,296.0,227.0,-10058.0,-4430.84,4443.17,95.15,4538.32,1.8,Bottom 10%
2024,1110,Polo,1632.0,725.0,-54483.0,-7514.9,5147.59,3108.28,8255.87,0.9,Bottom 10%
2024,1966,Asta,0.0,0.0,-1204.6875,,,,,,
2024,44,Canopius,292.0,0.0,276.0,,,,,,
2025,6131,Dale,-131.0,-32.0,-5301.0,16565.62,-15321.88,-296.88,-15618.76,97.5,Top 10%
2025,1884,Premia,-1495.0,-564.0,-55235.0,9793.44,-8499.65,-2301.95,-10801.6,96.6,Top 10%
2025,6136,Ariel Re,168.148148148148,176.296296296296,1633.33333333333,926.47,322.27,15.97,338.24,95.8,Top 10%
2025,1110,Polo,278.0,-866.0,-7481.0,863.86,-661.32,-1129.45,-1790.77,94.9,Top 10%
2025,3500,RiverStone,4477.77777777778,14214.0740740741,95708.1481481481,673.33,155.24,272.2,427.44,94.1,Top 10%
2025,308,TMK,1050.0,893.0,2181.0,244.23,23.52,72.45,95.97,93.2,Top 10%
2025,2357,Nephila,344175.555555556,86741.4814814815,174500.740740741,201.17,145.08,65.96,211.04,92.4,Top 10%
2025,4321,Beazley,625.185185185185,917.777777777778,1827.40740740741,199.11,294.03,246.33,540.36,91.5,Top 10%
2025,5183,Asta,-206.666666666667,359.259259259259,328.148148148148,91.34,17.73,68.25,85.98,90.7,Top 10%
2025,1176,Chaucer,33069.0,31795.0,25599.0,80.51,16.85,33.86,50.71,89.8,P75-P90
2025,1218,Newline,313186.0,261082.0,161806.0,61.98,42.0,41.79,83.79,89.0,P75-P90
2025,6117,Ariel Re,68881.4814814815,71491.1111111111,44111.8518518519,61.7,27.16,16.63,43.79,88.1,P75-P90
2025,6103,MAP,61799.0,61292.0,36369.0,59.34,39.01,16.31,55.32,87.3,P75-P90
2025,1910,Ariel Re,882582.222222222,520888.888888889,305087.407407407,58.57,17.42,29.16,46.58,86.4,P75-P90
2025,2478,Talbot,528957.777777778,310297.037037037,156274.074074074,50.36,42.24,7.88,50.12,85.6,P75-P90
2025,1892,Asta,22407.0,25321.0,9922.0,39.18,51.75,15.06,66.81,84.7,P75-P90
2025,1458,RenaissanceRe,812119.259259259,386949.62962963,147045.185185185,38.0,33.55,37.72,71.27,83.9,P75-P90
2025,1919,Starr,353753.333333333,80117.7777777778,30232.5925925926,37.74,74.05,20.43,94.48,83.1,P75-P90
2025,1225,Aegis,956572.592592592,768234.074074074,289520.0,37.69,33.41,39.51,72.92,82.2,P75-P90
2025,2488,Chubb,766690.0,657523.0,247741.0,37.68,45.26,33.57,78.83,81.4,P75-P90
2025,2525,Asta,117242.0,103742.0,37944.0,36.58,35.58,37.57,73.15,80.5,P75-P90
2025,1221,Hartford,458538.0,360749.0,121861.0,33.78,48.95,34.91,83.86,79.7,P75-P90
2025,2791,MAP,650601.0,537869.0,176712.0,32.85,46.92,34.5,81.42,78.8,P75-P90
2025,6107,Beazley,27113.3333333333,37961.4814814815,11646.6666666667,30.68,37.17,38.77,75.94,78.0,P75-P90
2025,1880,TMK,55012.0,188464.0,55348.0,29.37,44.77,34.08,78.85,77.1,P75-P90
2025,1947,Asta,131548.0,101817.0,29861.0,29.33,36.64,39.67,76.31,76.3,P75-P90
2025,435,Faraday,560336.296296296,524280.740740741,152157.777777778,29.02,51.9,29.06,80.96,75.4,P75-P90
2025,6104,Hiscox,76520.0,72512.5925925926,19720.0,27.2,55.78,24.41,80.19,74.6,P50-P75
2025,2010,Lancashire Re,292587.407407407,230444.444444444,61266.6666666667,26.59,40.51,41.18,81.69,73.7,P50-P75
2025,2050,Axis,81462.2222222222,24893.3333333333,6585.18518518518,26.45,48.31,27.85,76.16,72.9,P50-P75
2025,1971,Apollo,455434.814814815,190730.37037037,50417.7777777778,26.43,64.53,19.01,83.54,72.0,P50-P75
2025,1301,Inigo,1162747.40740741,848190.37037037,222152.592592593,26.19,49.72,30.94,80.66,71.2,P50-P75
2025,4141,TM HCC,193177.777777778,143776.296296296,37641.4814814815,26.18,32.78,47.6,80.38,70.3,P50-P75
2025,318,Cincinnati Financial,315987.0,253944.0,66183.0,26.06,39.54,39.84,79.38,69.5,P50-P75
2025,2232,AWAC,520390.0,295225.0,75683.0,25.64,51.48,31.33,82.81,68.6,P50-P75
2025,1183,Talbot,1000811.85185185,688929.62962963,171654.814814815,24.92,50.99,35.7,86.69,67.8,P50-P75
2025,33,Hiscox,1860996.2962963,1010957.03703704,245798.518518519,24.31,43.57,45.57,89.14,66.9,P50-P75
2025,1967,WR Berkley,430299.259259259,286877.777777778,68687.4074074074,23.94,51.69,32.9,84.59,66.1,P50-P75
2025,1084,Chaucer,1818890.37037037,1299442.22222222,307265.925925926,23.65,52.19,36.03,88.22,65.3,P50-P75
2025,5886,Blenheim,491874.0,341226.0,79734.0,23.37,39.78,41.11,80.89,64.4,P50-P75
2025,1996,Polo,9094.81481481481,7311.85185185185,1704.44444444444,23.31,14.62,63.44,78.06,63.6,P50-P75
2025,1988,Asta,313955.555555556,278392.592592593,64852.5925925926,23.3,40.26,41.7,81.96,62.7,P50-P75
2025,1856,IQUW,975382.222222222,734591.851851852,170197.777777778,23.17,46.85,36.28,83.13,61.9,P50-P75
2025,3000,Markel,927483.0,665050.0,153556.0,23.09,38.7,46.18,84.88,61.0,P50-P75
2025,2003,AXA XL,1360315.0,976314.0,224013.0,22.94,52.43,35.93,88.36,60.2,P50-P75
2025,2623,Beazley,2066757.03703704,1766673.33333333,403133.333333333,22.82,48.13,40.39,88.52,59.3,P50-P75
2025,3624,Hiscox,171954.814814815,170824.444444444,38928.8888888889,22.79,52.13,43.33,95.46,58.5,P50-P75
2025,2008,Enstar,175129.0,171442.0,38915.0,22.7,94.74,0.02,94.76,57.6,P50-P75
2025,1414,Ascot,1341170.37037037,1017121.48148148,222349.62962963,21.86,51.02,37.03,88.05,56.8,P50-P75
2025,218,IQUW,503672.0,423792.0,92135.0,21.74,50.25,35.51,85.76,55.9,P50-P75
2025,457,Munich Re,1197602.0,985360.0,208506.0,21.16,49.96,38.54,88.5,55.1,P50-P75
2025,2988,BRIT,210031.0,184905.0,37792.0,20.44,61.54,31.93,93.47,54.2,P50-P75
2025,2001,MS Amlin,2128422.0,1767877.0,355466.0,20.11,50.03,35.33,85.36,53.4,P50-P75
2025,4444,Canopius,2866635.55555556,1770942.96296296,355158.518518518,20.05,51.64,34.51,86.15,52.5,P50-P75
2025,4000,Hamilton,706768.148148148,410027.407407407,81797.037037037,19.95,51.46,38.64,90.1,51.7,P50-P75
2025,4020,Ark,845364.0,635948.0,125814.0,19.78,46.67,40.04,86.71,50.8,P50-P75
2025,2987,BRIT,2121014.07407407,1465081.48148148,287947.407407407,19.65,53.61,39.96,93.57,50.0,P50-P75
2025,1618,Asta,631868.148148148,559094.074074074,109562.222222222,19.6,54.03,35.1,89.13,49.2,P25-P50
2025,386,QBE,346274.0,320907.0,61385.0,19.13,65.2,33.18,98.38,48.3,P25-P50
2025,609,Atrium,947133.0,641638.0,122069.0,19.02,34.23,56.16,90.39,47.5,P25-P50
2025,2015,SCOR,382649.0,270421.0,51026.0,18.87,39.47,45.52,84.99,46.6,P25-P50
2025,3902,Ark,185092.0,154316.0,28884.0,18.72,47.19,41.2,88.39,45.8,P25-P50
2025,1945,SiriusPoint,210190.0,183121.0,34108.0,18.63,54.68,32.43,87.11,44.9,P25-P50
2025,2999,QBE,2845565.0,2041543.0,377691.0,18.5,59.7,31.07,90.77,44.1,P25-P50
2025,1686,Axis,1659298.51851852,1164151.85185185,215014.814814815,18.47,48.55,40.49,89.04,43.2,P25-P50
2025,2121,Argenta,796649.0,544143.0,99562.0,18.3,50.47,40.89,91.36,42.4,P25-P50
2025,382,CNA Hardy,341520.0,281879.0,51566.0,18.29,62.19,30.62,92.81,41.5,P25-P50
2025,623,Beazley,765872.592592593,648304.444444444,115854.814814815,17.87,47.63,43.14,90.77,40.7,P25-P50
2025,4242,Statera,286321.481481481,151963.703703704,26354.0740740741,17.34,45.65,41.9,87.55,39.8,P25-P50
2025,1729,Dale,412344.444444444,344442.962962963,59311.8518518519,17.22,54.02,35.03,89.05,39.0,P25-P50
2025,510,TMK,2172885.0,1400182.0,239895.0,17.13,47.17,41.71,88.88,38.1,P25-P50
2025,1492,Probitas,381001.0,228326.0,39075.0,17.11,40.89,48.88,89.77,37.3,P25-P50
2025,1416,Statera,57006.6666666667,37804.4444444444,6240.0,16.51,45.88,40.47,86.35,36.4,P25-P50
2025,1796,Asta,11342.2222222222,4848.88888888889,799.259259259259,16.48,31.76,54.54,86.3,35.6,P25-P50
2025,2843,Polo,282893.333333333,176657.777777778,29008.8888888889,16.42,38.74,45.19,83.93,34.7,P25-P50
2025,1100,Apollo,26940.0,21199.1304347826,3451.30434782609,16.28,72.74,8.1,80.84,33.9,P25-P50
2025,3622,Beazley,26153.0,24393.0,3927.0,16.1,36.55,48.77,85.32,33.1,P25-P50
2025,1969,Apollo,669021.481481481,516657.777777778,82533.3333333333,15.97,52.07,38.7,90.77,32.2,P25-P50
2025,6134,Argenta,126826.0,125498.0,19988.0,15.93,42.0,41.23,83.23,31.4,P25-P50
2025,1274,Antares,505197.777777778,428502.222222222,63980.0,14.93,54.23,40.64,94.87,30.5,P25-P50
2025,5623,Beazley,390282.962962963,345897.777777778,51337.037037037,14.84,53.43,38.41,91.84,29.7,P25-P50
2025,1925,Apollo EnvelopRisk,55671.1111111111,26009.6296296296,3523.7037037037,13.55,49.03,38.27,87.3,28.8,P25-P50
2025,1200,Westfield Specialty,660547.0,393659.0,48160.0,12.23,50.26,41.23,91.49,28.0,P25-P50
2025,1902,Asta,96616.0,66148.0,8080.0,12.22,44.6,45.01,89.61,27.1,P25-P50
2025,2786,Asta,354451.0,287054.0,33365.0,11.62,52.93,42.65,95.58,25.8,P25-P50
2025,4472,Liberty,1644281.0,1242926.0,144453.0,11.62,73.28,34.5,107.78,25.8,P25-P50
2025,2358,Nephila,376761.481481481,235496.296296296,26348.1481481481,11.19,50.09,40.86,90.95,24.6,P10-P25
2025,3456,Asta,35791.1111111111,24314.0740740741,2708.14814814815,11.14,55.82,33.78,89.6,23.7,P10-P25
2025,2019,Talbot,46182.962962963,239014.074074074,26192.5925925926,10.96,72.94,30.0,102.94,22.9,P10-P25
2025,3623,Beazley,320088.888888889,559093.333333333,57457.037037037,10.28,56.51,38.51,95.02,22.0,P10-P25
2025,1609,Asta,276560.740740741,152174.074074074,15611.1111111111,10.26,56.87,39.85,96.72,21.2,P10-P25
2025,3010,Lancashire Re,369399.259259259,261194.074074074,23665.1851851852,9.06,58.95,38.51,97.46,20.3,P10-P25
2025,2689,Asta,109057.777777778,92717.7777777778,8303.7037037037,8.96,51.4,41.41,92.81,19.5,P10-P25
2025,1985,Asta,241169.62962963,166406.666666667,14297.7777777778,8.59,62.45,30.44,92.89,18.6,P10-P25
2025,4711,Aspen,1003649.0,383700.0,29914.0,7.8,58.88,39.26,98.14,17.8,P10-P25
2025,727,Meacock,107903.0,106032.0,7972.0,7.52,69.43,35.13,104.56,16.9,P10-P25
2025,3002,AXA XL,32511.0,29590.0,2178.0,7.36,55.74,25.55,81.29,16.1,P10-P25
2025,2024,Probitas,39045.1851851852,29030.3703703704,2020.0,6.96,66.35,28.17,94.52,15.3,P10-P25
2025,1955,Arch,787089.0,494590.0,19435.0,3.93,66.7,35.39,102.09,14.4,P10-P25
2025,1994,Apollo,99080.7407407407,100220.0,2871.85185185185,2.87,96.24,2.68,98.92,13.6,P10-P25
2025,5000,Travelers,552200.0,429098.0,11933.0,2.78,58.46,44.59,103.05,12.7,P10-P25
2025,2012,Arch,641590.0,473747.0,12780.0,2.7,64.45,39.15,103.6,11.9,P10-P25
2025,3123,Asta,533245.925925926,208295.555555556,874.074074074074,0.42,52.52,48.81,101.33,11.0,P10-P25
2025,2454,Apollo,85371.1111111111,40853.3333333333,-871.111111111111,-2.13,56.85,47.36,104.21,10.2,P10-P25
2025,1322,Asta,87039.2592592593,49816.2962962963,-1097.03703703704,-2.2,58.16,45.71,103.87,9.3,Bottom 10%
2025,1984,Asta,103949.62962963,27459.2592592593,-1331.85185185185,-4.85,69.14,35.36,104.5,8.5,Bottom 10%
2025,4747,Asta,203640.0,124212.0,-8104.0,-6.52,53.1,51.56,104.66,7.6,Bottom 10%
2025,2427,Asta,22939.0,13439.0,-1945.0,-14.47,58.89,52.46,111.35,6.8,Bottom 10%
2025,2880,Asta,50820.0,40605.1851851852,-9207.40740740741,-22.68,93.92,33.24,127.16,5.9,Bottom 10%
2025,3705,Lime,71063.0,21387.0,-5091.0,-23.8,61.58,62.67,124.25,5.1,Bottom 10%
2025,3939,Apollo,17632.5925925926,10881.4814814815,-2822.96296296296,-25.94,46.72,74.71,121.43,4.2,Bottom 10%
2025,2546,Apollo,7676.52173913044,706.086956521739,-612.173913043478,-86.7,18.23,166.5,184.73,3.4,Bottom 10%
2025,2025,Polo,28631.8518518519,413.333333333333,-2471.11111111111,-597.85,36.74,659.5,696.24,2.5,Bottom 10%
2025,1922,Asta,1106.66666666667,253.333333333333,-1566.66666666667,-618.42,402.05,294.44,696.49,1.7,Bottom 10%
2025,1254,Polo,1391.85185185185,1403.7037037037,-15385.1851851852,-1096.04,1408.13,96.31,1504.44,0.8,Bottom 10%
2025,1347,Polo,0.0,0.0,-243.0,,,,,,
2025,1966,Asta,0.0,0.0,-1637.03703703704,,,,,,
2025,44,Canopius,-156.0,0.0,-312.0,,,,,,
